midi_file,expected_wav,midi_note,scientific_note,velocity,round_robin,note_on_sec,note_off_sec,slot_end_sec
EP_V016_RR1.mid,EP_V016_RR1.wav,21,A0,16,1,2.000,8.000,11.000
EP_V016_RR1.mid,EP_V016_RR1.wav,22,A#0,16,1,11.000,17.000,20.000
EP_V016_RR1.mid,EP_V016_RR1.wav,23,B0,16,1,20.000,26.000,29.000
EP_V016_RR1.mid,EP_V016_RR1.wav,24,C1,16,1,29.000,35.000,38.000
EP_V016_RR1.mid,EP_V016_RR1.wav,25,C#1,16,1,38.000,44.000,47.000
EP_V016_RR1.mid,EP_V016_RR1.wav,26,D1,16,1,47.000,53.000,56.000
EP_V016_RR1.mid,EP_V016_RR1.wav,27,D#1,16,1,56.000,62.000,65.000
EP_V016_RR1.mid,EP_V016_RR1.wav,28,E1,16,1,65.000,71.000,74.000
EP_V016_RR1.mid,EP_V016_RR1.wav,29,F1,16,1,74.000,80.000,83.000
EP_V016_RR1.mid,EP_V016_RR1.wav,30,F#1,16,1,83.000,89.000,92.000
EP_V016_RR1.mid,EP_V016_RR1.wav,31,G1,16,1,92.000,98.000,101.000
EP_V016_RR1.mid,EP_V016_RR1.wav,32,G#1,16,1,101.000,107.000,110.000
EP_V016_RR1.mid,EP_V016_RR1.wav,33,A1,16,1,110.000,116.000,119.000
EP_V016_RR1.mid,EP_V016_RR1.wav,34,A#1,16,1,119.000,125.000,128.000
EP_V016_RR1.mid,EP_V016_RR1.wav,35,B1,16,1,128.000,134.000,137.000
EP_V016_RR1.mid,EP_V016_RR1.wav,36,C2,16,1,137.000,143.000,146.000
EP_V016_RR1.mid,EP_V016_RR1.wav,37,C#2,16,1,146.000,152.000,155.000
EP_V016_RR1.mid,EP_V016_RR1.wav,38,D2,16,1,155.000,161.000,164.000
EP_V016_RR1.mid,EP_V016_RR1.wav,39,D#2,16,1,164.000,170.000,173.000
EP_V016_RR1.mid,EP_V016_RR1.wav,40,E2,16,1,173.000,179.000,182.000
EP_V016_RR1.mid,EP_V016_RR1.wav,41,F2,16,1,182.000,188.000,191.000
EP_V016_RR1.mid,EP_V016_RR1.wav,42,F#2,16,1,191.000,197.000,200.000
EP_V016_RR1.mid,EP_V016_RR1.wav,43,G2,16,1,200.000,206.000,209.000
EP_V016_RR1.mid,EP_V016_RR1.wav,44,G#2,16,1,209.000,215.000,218.000
EP_V016_RR1.mid,EP_V016_RR1.wav,45,A2,16,1,218.000,224.000,227.000
EP_V016_RR1.mid,EP_V016_RR1.wav,46,A#2,16,1,227.000,233.000,236.000
EP_V016_RR1.mid,EP_V016_RR1.wav,47,B2,16,1,236.000,242.000,245.000
EP_V016_RR1.mid,EP_V016_RR1.wav,48,C3,16,1,245.000,251.000,254.000
EP_V016_RR1.mid,EP_V016_RR1.wav,49,C#3,16,1,254.000,260.000,263.000
EP_V016_RR1.mid,EP_V016_RR1.wav,50,D3,16,1,263.000,269.000,272.000
EP_V016_RR1.mid,EP_V016_RR1.wav,51,D#3,16,1,272.000,278.000,281.000
EP_V016_RR1.mid,EP_V016_RR1.wav,52,E3,16,1,281.000,287.000,290.000
EP_V016_RR1.mid,EP_V016_RR1.wav,53,F3,16,1,290.000,296.000,299.000
EP_V016_RR1.mid,EP_V016_RR1.wav,54,F#3,16,1,299.000,305.000,308.000
EP_V016_RR1.mid,EP_V016_RR1.wav,55,G3,16,1,308.000,314.000,317.000
EP_V016_RR1.mid,EP_V016_RR1.wav,56,G#3,16,1,317.000,323.000,326.000
EP_V016_RR1.mid,EP_V016_RR1.wav,57,A3,16,1,326.000,332.000,335.000
EP_V016_RR1.mid,EP_V016_RR1.wav,58,A#3,16,1,335.000,341.000,344.000
EP_V016_RR1.mid,EP_V016_RR1.wav,59,B3,16,1,344.000,350.000,353.000
EP_V016_RR1.mid,EP_V016_RR1.wav,60,C4,16,1,353.000,359.000,362.000
EP_V016_RR1.mid,EP_V016_RR1.wav,61,C#4,16,1,362.000,368.000,371.000
EP_V016_RR1.mid,EP_V016_RR1.wav,62,D4,16,1,371.000,377.000,380.000
EP_V016_RR1.mid,EP_V016_RR1.wav,63,D#4,16,1,380.000,386.000,389.000
EP_V016_RR1.mid,EP_V016_RR1.wav,64,E4,16,1,389.000,395.000,398.000
EP_V016_RR1.mid,EP_V016_RR1.wav,65,F4,16,1,398.000,404.000,407.000
EP_V016_RR1.mid,EP_V016_RR1.wav,66,F#4,16,1,407.000,413.000,416.000
EP_V016_RR1.mid,EP_V016_RR1.wav,67,G4,16,1,416.000,422.000,425.000
EP_V016_RR1.mid,EP_V016_RR1.wav,68,G#4,16,1,425.000,431.000,434.000
EP_V016_RR1.mid,EP_V016_RR1.wav,69,A4,16,1,434.000,440.000,443.000
EP_V016_RR1.mid,EP_V016_RR1.wav,70,A#4,16,1,443.000,449.000,452.000
EP_V016_RR1.mid,EP_V016_RR1.wav,71,B4,16,1,452.000,458.000,461.000
EP_V016_RR1.mid,EP_V016_RR1.wav,72,C5,16,1,461.000,467.000,470.000
EP_V016_RR1.mid,EP_V016_RR1.wav,73,C#5,16,1,470.000,476.000,479.000
EP_V016_RR1.mid,EP_V016_RR1.wav,74,D5,16,1,479.000,485.000,488.000
EP_V016_RR1.mid,EP_V016_RR1.wav,75,D#5,16,1,488.000,494.000,497.000
EP_V016_RR1.mid,EP_V016_RR1.wav,76,E5,16,1,497.000,503.000,506.000
EP_V016_RR1.mid,EP_V016_RR1.wav,77,F5,16,1,506.000,512.000,515.000
EP_V016_RR1.mid,EP_V016_RR1.wav,78,F#5,16,1,515.000,521.000,524.000
EP_V016_RR1.mid,EP_V016_RR1.wav,79,G5,16,1,524.000,530.000,533.000
EP_V016_RR1.mid,EP_V016_RR1.wav,80,G#5,16,1,533.000,539.000,542.000
EP_V016_RR1.mid,EP_V016_RR1.wav,81,A5,16,1,542.000,548.000,551.000
EP_V016_RR1.mid,EP_V016_RR1.wav,82,A#5,16,1,551.000,557.000,560.000
EP_V016_RR1.mid,EP_V016_RR1.wav,83,B5,16,1,560.000,566.000,569.000
EP_V016_RR1.mid,EP_V016_RR1.wav,84,C6,16,1,569.000,575.000,578.000
EP_V016_RR1.mid,EP_V016_RR1.wav,85,C#6,16,1,578.000,584.000,587.000
EP_V016_RR1.mid,EP_V016_RR1.wav,86,D6,16,1,587.000,593.000,596.000
EP_V016_RR1.mid,EP_V016_RR1.wav,87,D#6,16,1,596.000,602.000,605.000
EP_V016_RR1.mid,EP_V016_RR1.wav,88,E6,16,1,605.000,611.000,614.000
EP_V016_RR1.mid,EP_V016_RR1.wav,89,F6,16,1,614.000,620.000,623.000
EP_V016_RR1.mid,EP_V016_RR1.wav,90,F#6,16,1,623.000,629.000,632.000
EP_V016_RR1.mid,EP_V016_RR1.wav,91,G6,16,1,632.000,638.000,641.000
EP_V016_RR1.mid,EP_V016_RR1.wav,92,G#6,16,1,641.000,647.000,650.000
EP_V016_RR1.mid,EP_V016_RR1.wav,93,A6,16,1,650.000,656.000,659.000
EP_V016_RR1.mid,EP_V016_RR1.wav,94,A#6,16,1,659.000,665.000,668.000
EP_V016_RR1.mid,EP_V016_RR1.wav,95,B6,16,1,668.000,674.000,677.000
EP_V016_RR1.mid,EP_V016_RR1.wav,96,C7,16,1,677.000,683.000,686.000
EP_V016_RR1.mid,EP_V016_RR1.wav,97,C#7,16,1,686.000,692.000,695.000
EP_V016_RR1.mid,EP_V016_RR1.wav,98,D7,16,1,695.000,701.000,704.000
EP_V016_RR1.mid,EP_V016_RR1.wav,99,D#7,16,1,704.000,710.000,713.000
EP_V016_RR1.mid,EP_V016_RR1.wav,100,E7,16,1,713.000,719.000,722.000
EP_V016_RR1.mid,EP_V016_RR1.wav,101,F7,16,1,722.000,728.000,731.000
EP_V016_RR1.mid,EP_V016_RR1.wav,102,F#7,16,1,731.000,737.000,740.000
EP_V016_RR1.mid,EP_V016_RR1.wav,103,G7,16,1,740.000,746.000,749.000
EP_V016_RR1.mid,EP_V016_RR1.wav,104,G#7,16,1,749.000,755.000,758.000
EP_V016_RR1.mid,EP_V016_RR1.wav,105,A7,16,1,758.000,764.000,767.000
EP_V016_RR1.mid,EP_V016_RR1.wav,106,A#7,16,1,767.000,773.000,776.000
EP_V016_RR1.mid,EP_V016_RR1.wav,107,B7,16,1,776.000,782.000,785.000
EP_V016_RR1.mid,EP_V016_RR1.wav,108,C8,16,1,785.000,791.000,794.000
EP_V016_RR2.mid,EP_V016_RR2.wav,21,A0,16,2,2.000,8.000,11.000
EP_V016_RR2.mid,EP_V016_RR2.wav,22,A#0,16,2,11.000,17.000,20.000
EP_V016_RR2.mid,EP_V016_RR2.wav,23,B0,16,2,20.000,26.000,29.000
EP_V016_RR2.mid,EP_V016_RR2.wav,24,C1,16,2,29.000,35.000,38.000
EP_V016_RR2.mid,EP_V016_RR2.wav,25,C#1,16,2,38.000,44.000,47.000
EP_V016_RR2.mid,EP_V016_RR2.wav,26,D1,16,2,47.000,53.000,56.000
EP_V016_RR2.mid,EP_V016_RR2.wav,27,D#1,16,2,56.000,62.000,65.000
EP_V016_RR2.mid,EP_V016_RR2.wav,28,E1,16,2,65.000,71.000,74.000
EP_V016_RR2.mid,EP_V016_RR2.wav,29,F1,16,2,74.000,80.000,83.000
EP_V016_RR2.mid,EP_V016_RR2.wav,30,F#1,16,2,83.000,89.000,92.000
EP_V016_RR2.mid,EP_V016_RR2.wav,31,G1,16,2,92.000,98.000,101.000
EP_V016_RR2.mid,EP_V016_RR2.wav,32,G#1,16,2,101.000,107.000,110.000
EP_V016_RR2.mid,EP_V016_RR2.wav,33,A1,16,2,110.000,116.000,119.000
EP_V016_RR2.mid,EP_V016_RR2.wav,34,A#1,16,2,119.000,125.000,128.000
EP_V016_RR2.mid,EP_V016_RR2.wav,35,B1,16,2,128.000,134.000,137.000
EP_V016_RR2.mid,EP_V016_RR2.wav,36,C2,16,2,137.000,143.000,146.000
EP_V016_RR2.mid,EP_V016_RR2.wav,37,C#2,16,2,146.000,152.000,155.000
EP_V016_RR2.mid,EP_V016_RR2.wav,38,D2,16,2,155.000,161.000,164.000
EP_V016_RR2.mid,EP_V016_RR2.wav,39,D#2,16,2,164.000,170.000,173.000
EP_V016_RR2.mid,EP_V016_RR2.wav,40,E2,16,2,173.000,179.000,182.000
EP_V016_RR2.mid,EP_V016_RR2.wav,41,F2,16,2,182.000,188.000,191.000
EP_V016_RR2.mid,EP_V016_RR2.wav,42,F#2,16,2,191.000,197.000,200.000
EP_V016_RR2.mid,EP_V016_RR2.wav,43,G2,16,2,200.000,206.000,209.000
EP_V016_RR2.mid,EP_V016_RR2.wav,44,G#2,16,2,209.000,215.000,218.000
EP_V016_RR2.mid,EP_V016_RR2.wav,45,A2,16,2,218.000,224.000,227.000
EP_V016_RR2.mid,EP_V016_RR2.wav,46,A#2,16,2,227.000,233.000,236.000
EP_V016_RR2.mid,EP_V016_RR2.wav,47,B2,16,2,236.000,242.000,245.000
EP_V016_RR2.mid,EP_V016_RR2.wav,48,C3,16,2,245.000,251.000,254.000
EP_V016_RR2.mid,EP_V016_RR2.wav,49,C#3,16,2,254.000,260.000,263.000
EP_V016_RR2.mid,EP_V016_RR2.wav,50,D3,16,2,263.000,269.000,272.000
EP_V016_RR2.mid,EP_V016_RR2.wav,51,D#3,16,2,272.000,278.000,281.000
EP_V016_RR2.mid,EP_V016_RR2.wav,52,E3,16,2,281.000,287.000,290.000
EP_V016_RR2.mid,EP_V016_RR2.wav,53,F3,16,2,290.000,296.000,299.000
EP_V016_RR2.mid,EP_V016_RR2.wav,54,F#3,16,2,299.000,305.000,308.000
EP_V016_RR2.mid,EP_V016_RR2.wav,55,G3,16,2,308.000,314.000,317.000
EP_V016_RR2.mid,EP_V016_RR2.wav,56,G#3,16,2,317.000,323.000,326.000
EP_V016_RR2.mid,EP_V016_RR2.wav,57,A3,16,2,326.000,332.000,335.000
EP_V016_RR2.mid,EP_V016_RR2.wav,58,A#3,16,2,335.000,341.000,344.000
EP_V016_RR2.mid,EP_V016_RR2.wav,59,B3,16,2,344.000,350.000,353.000
EP_V016_RR2.mid,EP_V016_RR2.wav,60,C4,16,2,353.000,359.000,362.000
EP_V016_RR2.mid,EP_V016_RR2.wav,61,C#4,16,2,362.000,368.000,371.000
EP_V016_RR2.mid,EP_V016_RR2.wav,62,D4,16,2,371.000,377.000,380.000
EP_V016_RR2.mid,EP_V016_RR2.wav,63,D#4,16,2,380.000,386.000,389.000
EP_V016_RR2.mid,EP_V016_RR2.wav,64,E4,16,2,389.000,395.000,398.000
EP_V016_RR2.mid,EP_V016_RR2.wav,65,F4,16,2,398.000,404.000,407.000
EP_V016_RR2.mid,EP_V016_RR2.wav,66,F#4,16,2,407.000,413.000,416.000
EP_V016_RR2.mid,EP_V016_RR2.wav,67,G4,16,2,416.000,422.000,425.000
EP_V016_RR2.mid,EP_V016_RR2.wav,68,G#4,16,2,425.000,431.000,434.000
EP_V016_RR2.mid,EP_V016_RR2.wav,69,A4,16,2,434.000,440.000,443.000
EP_V016_RR2.mid,EP_V016_RR2.wav,70,A#4,16,2,443.000,449.000,452.000
EP_V016_RR2.mid,EP_V016_RR2.wav,71,B4,16,2,452.000,458.000,461.000
EP_V016_RR2.mid,EP_V016_RR2.wav,72,C5,16,2,461.000,467.000,470.000
EP_V016_RR2.mid,EP_V016_RR2.wav,73,C#5,16,2,470.000,476.000,479.000
EP_V016_RR2.mid,EP_V016_RR2.wav,74,D5,16,2,479.000,485.000,488.000
EP_V016_RR2.mid,EP_V016_RR2.wav,75,D#5,16,2,488.000,494.000,497.000
EP_V016_RR2.mid,EP_V016_RR2.wav,76,E5,16,2,497.000,503.000,506.000
EP_V016_RR2.mid,EP_V016_RR2.wav,77,F5,16,2,506.000,512.000,515.000
EP_V016_RR2.mid,EP_V016_RR2.wav,78,F#5,16,2,515.000,521.000,524.000
EP_V016_RR2.mid,EP_V016_RR2.wav,79,G5,16,2,524.000,530.000,533.000
EP_V016_RR2.mid,EP_V016_RR2.wav,80,G#5,16,2,533.000,539.000,542.000
EP_V016_RR2.mid,EP_V016_RR2.wav,81,A5,16,2,542.000,548.000,551.000
EP_V016_RR2.mid,EP_V016_RR2.wav,82,A#5,16,2,551.000,557.000,560.000
EP_V016_RR2.mid,EP_V016_RR2.wav,83,B5,16,2,560.000,566.000,569.000
EP_V016_RR2.mid,EP_V016_RR2.wav,84,C6,16,2,569.000,575.000,578.000
EP_V016_RR2.mid,EP_V016_RR2.wav,85,C#6,16,2,578.000,584.000,587.000
EP_V016_RR2.mid,EP_V016_RR2.wav,86,D6,16,2,587.000,593.000,596.000
EP_V016_RR2.mid,EP_V016_RR2.wav,87,D#6,16,2,596.000,602.000,605.000
EP_V016_RR2.mid,EP_V016_RR2.wav,88,E6,16,2,605.000,611.000,614.000
EP_V016_RR2.mid,EP_V016_RR2.wav,89,F6,16,2,614.000,620.000,623.000
EP_V016_RR2.mid,EP_V016_RR2.wav,90,F#6,16,2,623.000,629.000,632.000
EP_V016_RR2.mid,EP_V016_RR2.wav,91,G6,16,2,632.000,638.000,641.000
EP_V016_RR2.mid,EP_V016_RR2.wav,92,G#6,16,2,641.000,647.000,650.000
EP_V016_RR2.mid,EP_V016_RR2.wav,93,A6,16,2,650.000,656.000,659.000
EP_V016_RR2.mid,EP_V016_RR2.wav,94,A#6,16,2,659.000,665.000,668.000
EP_V016_RR2.mid,EP_V016_RR2.wav,95,B6,16,2,668.000,674.000,677.000
EP_V016_RR2.mid,EP_V016_RR2.wav,96,C7,16,2,677.000,683.000,686.000
EP_V016_RR2.mid,EP_V016_RR2.wav,97,C#7,16,2,686.000,692.000,695.000
EP_V016_RR2.mid,EP_V016_RR2.wav,98,D7,16,2,695.000,701.000,704.000
EP_V016_RR2.mid,EP_V016_RR2.wav,99,D#7,16,2,704.000,710.000,713.000
EP_V016_RR2.mid,EP_V016_RR2.wav,100,E7,16,2,713.000,719.000,722.000
EP_V016_RR2.mid,EP_V016_RR2.wav,101,F7,16,2,722.000,728.000,731.000
EP_V016_RR2.mid,EP_V016_RR2.wav,102,F#7,16,2,731.000,737.000,740.000
EP_V016_RR2.mid,EP_V016_RR2.wav,103,G7,16,2,740.000,746.000,749.000
EP_V016_RR2.mid,EP_V016_RR2.wav,104,G#7,16,2,749.000,755.000,758.000
EP_V016_RR2.mid,EP_V016_RR2.wav,105,A7,16,2,758.000,764.000,767.000
EP_V016_RR2.mid,EP_V016_RR2.wav,106,A#7,16,2,767.000,773.000,776.000
EP_V016_RR2.mid,EP_V016_RR2.wav,107,B7,16,2,776.000,782.000,785.000
EP_V016_RR2.mid,EP_V016_RR2.wav,108,C8,16,2,785.000,791.000,794.000
EP_V016_RR3.mid,EP_V016_RR3.wav,21,A0,16,3,2.000,8.000,11.000
EP_V016_RR3.mid,EP_V016_RR3.wav,22,A#0,16,3,11.000,17.000,20.000
EP_V016_RR3.mid,EP_V016_RR3.wav,23,B0,16,3,20.000,26.000,29.000
EP_V016_RR3.mid,EP_V016_RR3.wav,24,C1,16,3,29.000,35.000,38.000
EP_V016_RR3.mid,EP_V016_RR3.wav,25,C#1,16,3,38.000,44.000,47.000
EP_V016_RR3.mid,EP_V016_RR3.wav,26,D1,16,3,47.000,53.000,56.000
EP_V016_RR3.mid,EP_V016_RR3.wav,27,D#1,16,3,56.000,62.000,65.000
EP_V016_RR3.mid,EP_V016_RR3.wav,28,E1,16,3,65.000,71.000,74.000
EP_V016_RR3.mid,EP_V016_RR3.wav,29,F1,16,3,74.000,80.000,83.000
EP_V016_RR3.mid,EP_V016_RR3.wav,30,F#1,16,3,83.000,89.000,92.000
EP_V016_RR3.mid,EP_V016_RR3.wav,31,G1,16,3,92.000,98.000,101.000
EP_V016_RR3.mid,EP_V016_RR3.wav,32,G#1,16,3,101.000,107.000,110.000
EP_V016_RR3.mid,EP_V016_RR3.wav,33,A1,16,3,110.000,116.000,119.000
EP_V016_RR3.mid,EP_V016_RR3.wav,34,A#1,16,3,119.000,125.000,128.000
EP_V016_RR3.mid,EP_V016_RR3.wav,35,B1,16,3,128.000,134.000,137.000
EP_V016_RR3.mid,EP_V016_RR3.wav,36,C2,16,3,137.000,143.000,146.000
EP_V016_RR3.mid,EP_V016_RR3.wav,37,C#2,16,3,146.000,152.000,155.000
EP_V016_RR3.mid,EP_V016_RR3.wav,38,D2,16,3,155.000,161.000,164.000
EP_V016_RR3.mid,EP_V016_RR3.wav,39,D#2,16,3,164.000,170.000,173.000
EP_V016_RR3.mid,EP_V016_RR3.wav,40,E2,16,3,173.000,179.000,182.000
EP_V016_RR3.mid,EP_V016_RR3.wav,41,F2,16,3,182.000,188.000,191.000
EP_V016_RR3.mid,EP_V016_RR3.wav,42,F#2,16,3,191.000,197.000,200.000
EP_V016_RR3.mid,EP_V016_RR3.wav,43,G2,16,3,200.000,206.000,209.000
EP_V016_RR3.mid,EP_V016_RR3.wav,44,G#2,16,3,209.000,215.000,218.000
EP_V016_RR3.mid,EP_V016_RR3.wav,45,A2,16,3,218.000,224.000,227.000
EP_V016_RR3.mid,EP_V016_RR3.wav,46,A#2,16,3,227.000,233.000,236.000
EP_V016_RR3.mid,EP_V016_RR3.wav,47,B2,16,3,236.000,242.000,245.000
EP_V016_RR3.mid,EP_V016_RR3.wav,48,C3,16,3,245.000,251.000,254.000
EP_V016_RR3.mid,EP_V016_RR3.wav,49,C#3,16,3,254.000,260.000,263.000
EP_V016_RR3.mid,EP_V016_RR3.wav,50,D3,16,3,263.000,269.000,272.000
EP_V016_RR3.mid,EP_V016_RR3.wav,51,D#3,16,3,272.000,278.000,281.000
EP_V016_RR3.mid,EP_V016_RR3.wav,52,E3,16,3,281.000,287.000,290.000
EP_V016_RR3.mid,EP_V016_RR3.wav,53,F3,16,3,290.000,296.000,299.000
EP_V016_RR3.mid,EP_V016_RR3.wav,54,F#3,16,3,299.000,305.000,308.000
EP_V016_RR3.mid,EP_V016_RR3.wav,55,G3,16,3,308.000,314.000,317.000
EP_V016_RR3.mid,EP_V016_RR3.wav,56,G#3,16,3,317.000,323.000,326.000
EP_V016_RR3.mid,EP_V016_RR3.wav,57,A3,16,3,326.000,332.000,335.000
EP_V016_RR3.mid,EP_V016_RR3.wav,58,A#3,16,3,335.000,341.000,344.000
EP_V016_RR3.mid,EP_V016_RR3.wav,59,B3,16,3,344.000,350.000,353.000
EP_V016_RR3.mid,EP_V016_RR3.wav,60,C4,16,3,353.000,359.000,362.000
EP_V016_RR3.mid,EP_V016_RR3.wav,61,C#4,16,3,362.000,368.000,371.000
EP_V016_RR3.mid,EP_V016_RR3.wav,62,D4,16,3,371.000,377.000,380.000
EP_V016_RR3.mid,EP_V016_RR3.wav,63,D#4,16,3,380.000,386.000,389.000
EP_V016_RR3.mid,EP_V016_RR3.wav,64,E4,16,3,389.000,395.000,398.000
EP_V016_RR3.mid,EP_V016_RR3.wav,65,F4,16,3,398.000,404.000,407.000
EP_V016_RR3.mid,EP_V016_RR3.wav,66,F#4,16,3,407.000,413.000,416.000
EP_V016_RR3.mid,EP_V016_RR3.wav,67,G4,16,3,416.000,422.000,425.000
EP_V016_RR3.mid,EP_V016_RR3.wav,68,G#4,16,3,425.000,431.000,434.000
EP_V016_RR3.mid,EP_V016_RR3.wav,69,A4,16,3,434.000,440.000,443.000
EP_V016_RR3.mid,EP_V016_RR3.wav,70,A#4,16,3,443.000,449.000,452.000
EP_V016_RR3.mid,EP_V016_RR3.wav,71,B4,16,3,452.000,458.000,461.000
EP_V016_RR3.mid,EP_V016_RR3.wav,72,C5,16,3,461.000,467.000,470.000
EP_V016_RR3.mid,EP_V016_RR3.wav,73,C#5,16,3,470.000,476.000,479.000
EP_V016_RR3.mid,EP_V016_RR3.wav,74,D5,16,3,479.000,485.000,488.000
EP_V016_RR3.mid,EP_V016_RR3.wav,75,D#5,16,3,488.000,494.000,497.000
EP_V016_RR3.mid,EP_V016_RR3.wav,76,E5,16,3,497.000,503.000,506.000
EP_V016_RR3.mid,EP_V016_RR3.wav,77,F5,16,3,506.000,512.000,515.000
EP_V016_RR3.mid,EP_V016_RR3.wav,78,F#5,16,3,515.000,521.000,524.000
EP_V016_RR3.mid,EP_V016_RR3.wav,79,G5,16,3,524.000,530.000,533.000
EP_V016_RR3.mid,EP_V016_RR3.wav,80,G#5,16,3,533.000,539.000,542.000
EP_V016_RR3.mid,EP_V016_RR3.wav,81,A5,16,3,542.000,548.000,551.000
EP_V016_RR3.mid,EP_V016_RR3.wav,82,A#5,16,3,551.000,557.000,560.000
EP_V016_RR3.mid,EP_V016_RR3.wav,83,B5,16,3,560.000,566.000,569.000
EP_V016_RR3.mid,EP_V016_RR3.wav,84,C6,16,3,569.000,575.000,578.000
EP_V016_RR3.mid,EP_V016_RR3.wav,85,C#6,16,3,578.000,584.000,587.000
EP_V016_RR3.mid,EP_V016_RR3.wav,86,D6,16,3,587.000,593.000,596.000
EP_V016_RR3.mid,EP_V016_RR3.wav,87,D#6,16,3,596.000,602.000,605.000
EP_V016_RR3.mid,EP_V016_RR3.wav,88,E6,16,3,605.000,611.000,614.000
EP_V016_RR3.mid,EP_V016_RR3.wav,89,F6,16,3,614.000,620.000,623.000
EP_V016_RR3.mid,EP_V016_RR3.wav,90,F#6,16,3,623.000,629.000,632.000
EP_V016_RR3.mid,EP_V016_RR3.wav,91,G6,16,3,632.000,638.000,641.000
EP_V016_RR3.mid,EP_V016_RR3.wav,92,G#6,16,3,641.000,647.000,650.000
EP_V016_RR3.mid,EP_V016_RR3.wav,93,A6,16,3,650.000,656.000,659.000
EP_V016_RR3.mid,EP_V016_RR3.wav,94,A#6,16,3,659.000,665.000,668.000
EP_V016_RR3.mid,EP_V016_RR3.wav,95,B6,16,3,668.000,674.000,677.000
EP_V016_RR3.mid,EP_V016_RR3.wav,96,C7,16,3,677.000,683.000,686.000
EP_V016_RR3.mid,EP_V016_RR3.wav,97,C#7,16,3,686.000,692.000,695.000
EP_V016_RR3.mid,EP_V016_RR3.wav,98,D7,16,3,695.000,701.000,704.000
EP_V016_RR3.mid,EP_V016_RR3.wav,99,D#7,16,3,704.000,710.000,713.000
EP_V016_RR3.mid,EP_V016_RR3.wav,100,E7,16,3,713.000,719.000,722.000
EP_V016_RR3.mid,EP_V016_RR3.wav,101,F7,16,3,722.000,728.000,731.000
EP_V016_RR3.mid,EP_V016_RR3.wav,102,F#7,16,3,731.000,737.000,740.000
EP_V016_RR3.mid,EP_V016_RR3.wav,103,G7,16,3,740.000,746.000,749.000
EP_V016_RR3.mid,EP_V016_RR3.wav,104,G#7,16,3,749.000,755.000,758.000
EP_V016_RR3.mid,EP_V016_RR3.wav,105,A7,16,3,758.000,764.000,767.000
EP_V016_RR3.mid,EP_V016_RR3.wav,106,A#7,16,3,767.000,773.000,776.000
EP_V016_RR3.mid,EP_V016_RR3.wav,107,B7,16,3,776.000,782.000,785.000
EP_V016_RR3.mid,EP_V016_RR3.wav,108,C8,16,3,785.000,791.000,794.000
EP_V032_RR1.mid,EP_V032_RR1.wav,21,A0,32,1,2.000,8.000,11.000
EP_V032_RR1.mid,EP_V032_RR1.wav,22,A#0,32,1,11.000,17.000,20.000
EP_V032_RR1.mid,EP_V032_RR1.wav,23,B0,32,1,20.000,26.000,29.000
EP_V032_RR1.mid,EP_V032_RR1.wav,24,C1,32,1,29.000,35.000,38.000
EP_V032_RR1.mid,EP_V032_RR1.wav,25,C#1,32,1,38.000,44.000,47.000
EP_V032_RR1.mid,EP_V032_RR1.wav,26,D1,32,1,47.000,53.000,56.000
EP_V032_RR1.mid,EP_V032_RR1.wav,27,D#1,32,1,56.000,62.000,65.000
EP_V032_RR1.mid,EP_V032_RR1.wav,28,E1,32,1,65.000,71.000,74.000
EP_V032_RR1.mid,EP_V032_RR1.wav,29,F1,32,1,74.000,80.000,83.000
EP_V032_RR1.mid,EP_V032_RR1.wav,30,F#1,32,1,83.000,89.000,92.000
EP_V032_RR1.mid,EP_V032_RR1.wav,31,G1,32,1,92.000,98.000,101.000
EP_V032_RR1.mid,EP_V032_RR1.wav,32,G#1,32,1,101.000,107.000,110.000
EP_V032_RR1.mid,EP_V032_RR1.wav,33,A1,32,1,110.000,116.000,119.000
EP_V032_RR1.mid,EP_V032_RR1.wav,34,A#1,32,1,119.000,125.000,128.000
EP_V032_RR1.mid,EP_V032_RR1.wav,35,B1,32,1,128.000,134.000,137.000
EP_V032_RR1.mid,EP_V032_RR1.wav,36,C2,32,1,137.000,143.000,146.000
EP_V032_RR1.mid,EP_V032_RR1.wav,37,C#2,32,1,146.000,152.000,155.000
EP_V032_RR1.mid,EP_V032_RR1.wav,38,D2,32,1,155.000,161.000,164.000
EP_V032_RR1.mid,EP_V032_RR1.wav,39,D#2,32,1,164.000,170.000,173.000
EP_V032_RR1.mid,EP_V032_RR1.wav,40,E2,32,1,173.000,179.000,182.000
EP_V032_RR1.mid,EP_V032_RR1.wav,41,F2,32,1,182.000,188.000,191.000
EP_V032_RR1.mid,EP_V032_RR1.wav,42,F#2,32,1,191.000,197.000,200.000
EP_V032_RR1.mid,EP_V032_RR1.wav,43,G2,32,1,200.000,206.000,209.000
EP_V032_RR1.mid,EP_V032_RR1.wav,44,G#2,32,1,209.000,215.000,218.000
EP_V032_RR1.mid,EP_V032_RR1.wav,45,A2,32,1,218.000,224.000,227.000
EP_V032_RR1.mid,EP_V032_RR1.wav,46,A#2,32,1,227.000,233.000,236.000
EP_V032_RR1.mid,EP_V032_RR1.wav,47,B2,32,1,236.000,242.000,245.000
EP_V032_RR1.mid,EP_V032_RR1.wav,48,C3,32,1,245.000,251.000,254.000
EP_V032_RR1.mid,EP_V032_RR1.wav,49,C#3,32,1,254.000,260.000,263.000
EP_V032_RR1.mid,EP_V032_RR1.wav,50,D3,32,1,263.000,269.000,272.000
EP_V032_RR1.mid,EP_V032_RR1.wav,51,D#3,32,1,272.000,278.000,281.000
EP_V032_RR1.mid,EP_V032_RR1.wav,52,E3,32,1,281.000,287.000,290.000
EP_V032_RR1.mid,EP_V032_RR1.wav,53,F3,32,1,290.000,296.000,299.000
EP_V032_RR1.mid,EP_V032_RR1.wav,54,F#3,32,1,299.000,305.000,308.000
EP_V032_RR1.mid,EP_V032_RR1.wav,55,G3,32,1,308.000,314.000,317.000
EP_V032_RR1.mid,EP_V032_RR1.wav,56,G#3,32,1,317.000,323.000,326.000
EP_V032_RR1.mid,EP_V032_RR1.wav,57,A3,32,1,326.000,332.000,335.000
EP_V032_RR1.mid,EP_V032_RR1.wav,58,A#3,32,1,335.000,341.000,344.000
EP_V032_RR1.mid,EP_V032_RR1.wav,59,B3,32,1,344.000,350.000,353.000
EP_V032_RR1.mid,EP_V032_RR1.wav,60,C4,32,1,353.000,359.000,362.000
EP_V032_RR1.mid,EP_V032_RR1.wav,61,C#4,32,1,362.000,368.000,371.000
EP_V032_RR1.mid,EP_V032_RR1.wav,62,D4,32,1,371.000,377.000,380.000
EP_V032_RR1.mid,EP_V032_RR1.wav,63,D#4,32,1,380.000,386.000,389.000
EP_V032_RR1.mid,EP_V032_RR1.wav,64,E4,32,1,389.000,395.000,398.000
EP_V032_RR1.mid,EP_V032_RR1.wav,65,F4,32,1,398.000,404.000,407.000
EP_V032_RR1.mid,EP_V032_RR1.wav,66,F#4,32,1,407.000,413.000,416.000
EP_V032_RR1.mid,EP_V032_RR1.wav,67,G4,32,1,416.000,422.000,425.000
EP_V032_RR1.mid,EP_V032_RR1.wav,68,G#4,32,1,425.000,431.000,434.000
EP_V032_RR1.mid,EP_V032_RR1.wav,69,A4,32,1,434.000,440.000,443.000
EP_V032_RR1.mid,EP_V032_RR1.wav,70,A#4,32,1,443.000,449.000,452.000
EP_V032_RR1.mid,EP_V032_RR1.wav,71,B4,32,1,452.000,458.000,461.000
EP_V032_RR1.mid,EP_V032_RR1.wav,72,C5,32,1,461.000,467.000,470.000
EP_V032_RR1.mid,EP_V032_RR1.wav,73,C#5,32,1,470.000,476.000,479.000
EP_V032_RR1.mid,EP_V032_RR1.wav,74,D5,32,1,479.000,485.000,488.000
EP_V032_RR1.mid,EP_V032_RR1.wav,75,D#5,32,1,488.000,494.000,497.000
EP_V032_RR1.mid,EP_V032_RR1.wav,76,E5,32,1,497.000,503.000,506.000
EP_V032_RR1.mid,EP_V032_RR1.wav,77,F5,32,1,506.000,512.000,515.000
EP_V032_RR1.mid,EP_V032_RR1.wav,78,F#5,32,1,515.000,521.000,524.000
EP_V032_RR1.mid,EP_V032_RR1.wav,79,G5,32,1,524.000,530.000,533.000
EP_V032_RR1.mid,EP_V032_RR1.wav,80,G#5,32,1,533.000,539.000,542.000
EP_V032_RR1.mid,EP_V032_RR1.wav,81,A5,32,1,542.000,548.000,551.000
EP_V032_RR1.mid,EP_V032_RR1.wav,82,A#5,32,1,551.000,557.000,560.000
EP_V032_RR1.mid,EP_V032_RR1.wav,83,B5,32,1,560.000,566.000,569.000
EP_V032_RR1.mid,EP_V032_RR1.wav,84,C6,32,1,569.000,575.000,578.000
EP_V032_RR1.mid,EP_V032_RR1.wav,85,C#6,32,1,578.000,584.000,587.000
EP_V032_RR1.mid,EP_V032_RR1.wav,86,D6,32,1,587.000,593.000,596.000
EP_V032_RR1.mid,EP_V032_RR1.wav,87,D#6,32,1,596.000,602.000,605.000
EP_V032_RR1.mid,EP_V032_RR1.wav,88,E6,32,1,605.000,611.000,614.000
EP_V032_RR1.mid,EP_V032_RR1.wav,89,F6,32,1,614.000,620.000,623.000
EP_V032_RR1.mid,EP_V032_RR1.wav,90,F#6,32,1,623.000,629.000,632.000
EP_V032_RR1.mid,EP_V032_RR1.wav,91,G6,32,1,632.000,638.000,641.000
EP_V032_RR1.mid,EP_V032_RR1.wav,92,G#6,32,1,641.000,647.000,650.000
EP_V032_RR1.mid,EP_V032_RR1.wav,93,A6,32,1,650.000,656.000,659.000
EP_V032_RR1.mid,EP_V032_RR1.wav,94,A#6,32,1,659.000,665.000,668.000
EP_V032_RR1.mid,EP_V032_RR1.wav,95,B6,32,1,668.000,674.000,677.000
EP_V032_RR1.mid,EP_V032_RR1.wav,96,C7,32,1,677.000,683.000,686.000
EP_V032_RR1.mid,EP_V032_RR1.wav,97,C#7,32,1,686.000,692.000,695.000
EP_V032_RR1.mid,EP_V032_RR1.wav,98,D7,32,1,695.000,701.000,704.000
EP_V032_RR1.mid,EP_V032_RR1.wav,99,D#7,32,1,704.000,710.000,713.000
EP_V032_RR1.mid,EP_V032_RR1.wav,100,E7,32,1,713.000,719.000,722.000
EP_V032_RR1.mid,EP_V032_RR1.wav,101,F7,32,1,722.000,728.000,731.000
EP_V032_RR1.mid,EP_V032_RR1.wav,102,F#7,32,1,731.000,737.000,740.000
EP_V032_RR1.mid,EP_V032_RR1.wav,103,G7,32,1,740.000,746.000,749.000
EP_V032_RR1.mid,EP_V032_RR1.wav,104,G#7,32,1,749.000,755.000,758.000
EP_V032_RR1.mid,EP_V032_RR1.wav,105,A7,32,1,758.000,764.000,767.000
EP_V032_RR1.mid,EP_V032_RR1.wav,106,A#7,32,1,767.000,773.000,776.000
EP_V032_RR1.mid,EP_V032_RR1.wav,107,B7,32,1,776.000,782.000,785.000
EP_V032_RR1.mid,EP_V032_RR1.wav,108,C8,32,1,785.000,791.000,794.000
EP_V032_RR2.mid,EP_V032_RR2.wav,21,A0,32,2,2.000,8.000,11.000
EP_V032_RR2.mid,EP_V032_RR2.wav,22,A#0,32,2,11.000,17.000,20.000
EP_V032_RR2.mid,EP_V032_RR2.wav,23,B0,32,2,20.000,26.000,29.000
EP_V032_RR2.mid,EP_V032_RR2.wav,24,C1,32,2,29.000,35.000,38.000
EP_V032_RR2.mid,EP_V032_RR2.wav,25,C#1,32,2,38.000,44.000,47.000
EP_V032_RR2.mid,EP_V032_RR2.wav,26,D1,32,2,47.000,53.000,56.000
EP_V032_RR2.mid,EP_V032_RR2.wav,27,D#1,32,2,56.000,62.000,65.000
EP_V032_RR2.mid,EP_V032_RR2.wav,28,E1,32,2,65.000,71.000,74.000
EP_V032_RR2.mid,EP_V032_RR2.wav,29,F1,32,2,74.000,80.000,83.000
EP_V032_RR2.mid,EP_V032_RR2.wav,30,F#1,32,2,83.000,89.000,92.000
EP_V032_RR2.mid,EP_V032_RR2.wav,31,G1,32,2,92.000,98.000,101.000
EP_V032_RR2.mid,EP_V032_RR2.wav,32,G#1,32,2,101.000,107.000,110.000
EP_V032_RR2.mid,EP_V032_RR2.wav,33,A1,32,2,110.000,116.000,119.000
EP_V032_RR2.mid,EP_V032_RR2.wav,34,A#1,32,2,119.000,125.000,128.000
EP_V032_RR2.mid,EP_V032_RR2.wav,35,B1,32,2,128.000,134.000,137.000
EP_V032_RR2.mid,EP_V032_RR2.wav,36,C2,32,2,137.000,143.000,146.000
EP_V032_RR2.mid,EP_V032_RR2.wav,37,C#2,32,2,146.000,152.000,155.000
EP_V032_RR2.mid,EP_V032_RR2.wav,38,D2,32,2,155.000,161.000,164.000
EP_V032_RR2.mid,EP_V032_RR2.wav,39,D#2,32,2,164.000,170.000,173.000
EP_V032_RR2.mid,EP_V032_RR2.wav,40,E2,32,2,173.000,179.000,182.000
EP_V032_RR2.mid,EP_V032_RR2.wav,41,F2,32,2,182.000,188.000,191.000
EP_V032_RR2.mid,EP_V032_RR2.wav,42,F#2,32,2,191.000,197.000,200.000
EP_V032_RR2.mid,EP_V032_RR2.wav,43,G2,32,2,200.000,206.000,209.000
EP_V032_RR2.mid,EP_V032_RR2.wav,44,G#2,32,2,209.000,215.000,218.000
EP_V032_RR2.mid,EP_V032_RR2.wav,45,A2,32,2,218.000,224.000,227.000
EP_V032_RR2.mid,EP_V032_RR2.wav,46,A#2,32,2,227.000,233.000,236.000
EP_V032_RR2.mid,EP_V032_RR2.wav,47,B2,32,2,236.000,242.000,245.000
EP_V032_RR2.mid,EP_V032_RR2.wav,48,C3,32,2,245.000,251.000,254.000
EP_V032_RR2.mid,EP_V032_RR2.wav,49,C#3,32,2,254.000,260.000,263.000
EP_V032_RR2.mid,EP_V032_RR2.wav,50,D3,32,2,263.000,269.000,272.000
EP_V032_RR2.mid,EP_V032_RR2.wav,51,D#3,32,2,272.000,278.000,281.000
EP_V032_RR2.mid,EP_V032_RR2.wav,52,E3,32,2,281.000,287.000,290.000
EP_V032_RR2.mid,EP_V032_RR2.wav,53,F3,32,2,290.000,296.000,299.000
EP_V032_RR2.mid,EP_V032_RR2.wav,54,F#3,32,2,299.000,305.000,308.000
EP_V032_RR2.mid,EP_V032_RR2.wav,55,G3,32,2,308.000,314.000,317.000
EP_V032_RR2.mid,EP_V032_RR2.wav,56,G#3,32,2,317.000,323.000,326.000
EP_V032_RR2.mid,EP_V032_RR2.wav,57,A3,32,2,326.000,332.000,335.000
EP_V032_RR2.mid,EP_V032_RR2.wav,58,A#3,32,2,335.000,341.000,344.000
EP_V032_RR2.mid,EP_V032_RR2.wav,59,B3,32,2,344.000,350.000,353.000
EP_V032_RR2.mid,EP_V032_RR2.wav,60,C4,32,2,353.000,359.000,362.000
EP_V032_RR2.mid,EP_V032_RR2.wav,61,C#4,32,2,362.000,368.000,371.000
EP_V032_RR2.mid,EP_V032_RR2.wav,62,D4,32,2,371.000,377.000,380.000
EP_V032_RR2.mid,EP_V032_RR2.wav,63,D#4,32,2,380.000,386.000,389.000
EP_V032_RR2.mid,EP_V032_RR2.wav,64,E4,32,2,389.000,395.000,398.000
EP_V032_RR2.mid,EP_V032_RR2.wav,65,F4,32,2,398.000,404.000,407.000
EP_V032_RR2.mid,EP_V032_RR2.wav,66,F#4,32,2,407.000,413.000,416.000
EP_V032_RR2.mid,EP_V032_RR2.wav,67,G4,32,2,416.000,422.000,425.000
EP_V032_RR2.mid,EP_V032_RR2.wav,68,G#4,32,2,425.000,431.000,434.000
EP_V032_RR2.mid,EP_V032_RR2.wav,69,A4,32,2,434.000,440.000,443.000
EP_V032_RR2.mid,EP_V032_RR2.wav,70,A#4,32,2,443.000,449.000,452.000
EP_V032_RR2.mid,EP_V032_RR2.wav,71,B4,32,2,452.000,458.000,461.000
EP_V032_RR2.mid,EP_V032_RR2.wav,72,C5,32,2,461.000,467.000,470.000
EP_V032_RR2.mid,EP_V032_RR2.wav,73,C#5,32,2,470.000,476.000,479.000
EP_V032_RR2.mid,EP_V032_RR2.wav,74,D5,32,2,479.000,485.000,488.000
EP_V032_RR2.mid,EP_V032_RR2.wav,75,D#5,32,2,488.000,494.000,497.000
EP_V032_RR2.mid,EP_V032_RR2.wav,76,E5,32,2,497.000,503.000,506.000
EP_V032_RR2.mid,EP_V032_RR2.wav,77,F5,32,2,506.000,512.000,515.000
EP_V032_RR2.mid,EP_V032_RR2.wav,78,F#5,32,2,515.000,521.000,524.000
EP_V032_RR2.mid,EP_V032_RR2.wav,79,G5,32,2,524.000,530.000,533.000
EP_V032_RR2.mid,EP_V032_RR2.wav,80,G#5,32,2,533.000,539.000,542.000
EP_V032_RR2.mid,EP_V032_RR2.wav,81,A5,32,2,542.000,548.000,551.000
EP_V032_RR2.mid,EP_V032_RR2.wav,82,A#5,32,2,551.000,557.000,560.000
EP_V032_RR2.mid,EP_V032_RR2.wav,83,B5,32,2,560.000,566.000,569.000
EP_V032_RR2.mid,EP_V032_RR2.wav,84,C6,32,2,569.000,575.000,578.000
EP_V032_RR2.mid,EP_V032_RR2.wav,85,C#6,32,2,578.000,584.000,587.000
EP_V032_RR2.mid,EP_V032_RR2.wav,86,D6,32,2,587.000,593.000,596.000
EP_V032_RR2.mid,EP_V032_RR2.wav,87,D#6,32,2,596.000,602.000,605.000
EP_V032_RR2.mid,EP_V032_RR2.wav,88,E6,32,2,605.000,611.000,614.000
EP_V032_RR2.mid,EP_V032_RR2.wav,89,F6,32,2,614.000,620.000,623.000
EP_V032_RR2.mid,EP_V032_RR2.wav,90,F#6,32,2,623.000,629.000,632.000
EP_V032_RR2.mid,EP_V032_RR2.wav,91,G6,32,2,632.000,638.000,641.000
EP_V032_RR2.mid,EP_V032_RR2.wav,92,G#6,32,2,641.000,647.000,650.000
EP_V032_RR2.mid,EP_V032_RR2.wav,93,A6,32,2,650.000,656.000,659.000
EP_V032_RR2.mid,EP_V032_RR2.wav,94,A#6,32,2,659.000,665.000,668.000
EP_V032_RR2.mid,EP_V032_RR2.wav,95,B6,32,2,668.000,674.000,677.000
EP_V032_RR2.mid,EP_V032_RR2.wav,96,C7,32,2,677.000,683.000,686.000
EP_V032_RR2.mid,EP_V032_RR2.wav,97,C#7,32,2,686.000,692.000,695.000
EP_V032_RR2.mid,EP_V032_RR2.wav,98,D7,32,2,695.000,701.000,704.000
EP_V032_RR2.mid,EP_V032_RR2.wav,99,D#7,32,2,704.000,710.000,713.000
EP_V032_RR2.mid,EP_V032_RR2.wav,100,E7,32,2,713.000,719.000,722.000
EP_V032_RR2.mid,EP_V032_RR2.wav,101,F7,32,2,722.000,728.000,731.000
EP_V032_RR2.mid,EP_V032_RR2.wav,102,F#7,32,2,731.000,737.000,740.000
EP_V032_RR2.mid,EP_V032_RR2.wav,103,G7,32,2,740.000,746.000,749.000
EP_V032_RR2.mid,EP_V032_RR2.wav,104,G#7,32,2,749.000,755.000,758.000
EP_V032_RR2.mid,EP_V032_RR2.wav,105,A7,32,2,758.000,764.000,767.000
EP_V032_RR2.mid,EP_V032_RR2.wav,106,A#7,32,2,767.000,773.000,776.000
EP_V032_RR2.mid,EP_V032_RR2.wav,107,B7,32,2,776.000,782.000,785.000
EP_V032_RR2.mid,EP_V032_RR2.wav,108,C8,32,2,785.000,791.000,794.000
EP_V032_RR3.mid,EP_V032_RR3.wav,21,A0,32,3,2.000,8.000,11.000
EP_V032_RR3.mid,EP_V032_RR3.wav,22,A#0,32,3,11.000,17.000,20.000
EP_V032_RR3.mid,EP_V032_RR3.wav,23,B0,32,3,20.000,26.000,29.000
EP_V032_RR3.mid,EP_V032_RR3.wav,24,C1,32,3,29.000,35.000,38.000
EP_V032_RR3.mid,EP_V032_RR3.wav,25,C#1,32,3,38.000,44.000,47.000
EP_V032_RR3.mid,EP_V032_RR3.wav,26,D1,32,3,47.000,53.000,56.000
EP_V032_RR3.mid,EP_V032_RR3.wav,27,D#1,32,3,56.000,62.000,65.000
EP_V032_RR3.mid,EP_V032_RR3.wav,28,E1,32,3,65.000,71.000,74.000
EP_V032_RR3.mid,EP_V032_RR3.wav,29,F1,32,3,74.000,80.000,83.000
EP_V032_RR3.mid,EP_V032_RR3.wav,30,F#1,32,3,83.000,89.000,92.000
EP_V032_RR3.mid,EP_V032_RR3.wav,31,G1,32,3,92.000,98.000,101.000
EP_V032_RR3.mid,EP_V032_RR3.wav,32,G#1,32,3,101.000,107.000,110.000
EP_V032_RR3.mid,EP_V032_RR3.wav,33,A1,32,3,110.000,116.000,119.000
EP_V032_RR3.mid,EP_V032_RR3.wav,34,A#1,32,3,119.000,125.000,128.000
EP_V032_RR3.mid,EP_V032_RR3.wav,35,B1,32,3,128.000,134.000,137.000
EP_V032_RR3.mid,EP_V032_RR3.wav,36,C2,32,3,137.000,143.000,146.000
EP_V032_RR3.mid,EP_V032_RR3.wav,37,C#2,32,3,146.000,152.000,155.000
EP_V032_RR3.mid,EP_V032_RR3.wav,38,D2,32,3,155.000,161.000,164.000
EP_V032_RR3.mid,EP_V032_RR3.wav,39,D#2,32,3,164.000,170.000,173.000
EP_V032_RR3.mid,EP_V032_RR3.wav,40,E2,32,3,173.000,179.000,182.000
EP_V032_RR3.mid,EP_V032_RR3.wav,41,F2,32,3,182.000,188.000,191.000
EP_V032_RR3.mid,EP_V032_RR3.wav,42,F#2,32,3,191.000,197.000,200.000
EP_V032_RR3.mid,EP_V032_RR3.wav,43,G2,32,3,200.000,206.000,209.000
EP_V032_RR3.mid,EP_V032_RR3.wav,44,G#2,32,3,209.000,215.000,218.000
EP_V032_RR3.mid,EP_V032_RR3.wav,45,A2,32,3,218.000,224.000,227.000
EP_V032_RR3.mid,EP_V032_RR3.wav,46,A#2,32,3,227.000,233.000,236.000
EP_V032_RR3.mid,EP_V032_RR3.wav,47,B2,32,3,236.000,242.000,245.000
EP_V032_RR3.mid,EP_V032_RR3.wav,48,C3,32,3,245.000,251.000,254.000
EP_V032_RR3.mid,EP_V032_RR3.wav,49,C#3,32,3,254.000,260.000,263.000
EP_V032_RR3.mid,EP_V032_RR3.wav,50,D3,32,3,263.000,269.000,272.000
EP_V032_RR3.mid,EP_V032_RR3.wav,51,D#3,32,3,272.000,278.000,281.000
EP_V032_RR3.mid,EP_V032_RR3.wav,52,E3,32,3,281.000,287.000,290.000
EP_V032_RR3.mid,EP_V032_RR3.wav,53,F3,32,3,290.000,296.000,299.000
EP_V032_RR3.mid,EP_V032_RR3.wav,54,F#3,32,3,299.000,305.000,308.000
EP_V032_RR3.mid,EP_V032_RR3.wav,55,G3,32,3,308.000,314.000,317.000
EP_V032_RR3.mid,EP_V032_RR3.wav,56,G#3,32,3,317.000,323.000,326.000
EP_V032_RR3.mid,EP_V032_RR3.wav,57,A3,32,3,326.000,332.000,335.000
EP_V032_RR3.mid,EP_V032_RR3.wav,58,A#3,32,3,335.000,341.000,344.000
EP_V032_RR3.mid,EP_V032_RR3.wav,59,B3,32,3,344.000,350.000,353.000
EP_V032_RR3.mid,EP_V032_RR3.wav,60,C4,32,3,353.000,359.000,362.000
EP_V032_RR3.mid,EP_V032_RR3.wav,61,C#4,32,3,362.000,368.000,371.000
EP_V032_RR3.mid,EP_V032_RR3.wav,62,D4,32,3,371.000,377.000,380.000
EP_V032_RR3.mid,EP_V032_RR3.wav,63,D#4,32,3,380.000,386.000,389.000
EP_V032_RR3.mid,EP_V032_RR3.wav,64,E4,32,3,389.000,395.000,398.000
EP_V032_RR3.mid,EP_V032_RR3.wav,65,F4,32,3,398.000,404.000,407.000
EP_V032_RR3.mid,EP_V032_RR3.wav,66,F#4,32,3,407.000,413.000,416.000
EP_V032_RR3.mid,EP_V032_RR3.wav,67,G4,32,3,416.000,422.000,425.000
EP_V032_RR3.mid,EP_V032_RR3.wav,68,G#4,32,3,425.000,431.000,434.000
EP_V032_RR3.mid,EP_V032_RR3.wav,69,A4,32,3,434.000,440.000,443.000
EP_V032_RR3.mid,EP_V032_RR3.wav,70,A#4,32,3,443.000,449.000,452.000
EP_V032_RR3.mid,EP_V032_RR3.wav,71,B4,32,3,452.000,458.000,461.000
EP_V032_RR3.mid,EP_V032_RR3.wav,72,C5,32,3,461.000,467.000,470.000
EP_V032_RR3.mid,EP_V032_RR3.wav,73,C#5,32,3,470.000,476.000,479.000
EP_V032_RR3.mid,EP_V032_RR3.wav,74,D5,32,3,479.000,485.000,488.000
EP_V032_RR3.mid,EP_V032_RR3.wav,75,D#5,32,3,488.000,494.000,497.000
EP_V032_RR3.mid,EP_V032_RR3.wav,76,E5,32,3,497.000,503.000,506.000
EP_V032_RR3.mid,EP_V032_RR3.wav,77,F5,32,3,506.000,512.000,515.000
EP_V032_RR3.mid,EP_V032_RR3.wav,78,F#5,32,3,515.000,521.000,524.000
EP_V032_RR3.mid,EP_V032_RR3.wav,79,G5,32,3,524.000,530.000,533.000
EP_V032_RR3.mid,EP_V032_RR3.wav,80,G#5,32,3,533.000,539.000,542.000
EP_V032_RR3.mid,EP_V032_RR3.wav,81,A5,32,3,542.000,548.000,551.000
EP_V032_RR3.mid,EP_V032_RR3.wav,82,A#5,32,3,551.000,557.000,560.000
EP_V032_RR3.mid,EP_V032_RR3.wav,83,B5,32,3,560.000,566.000,569.000
EP_V032_RR3.mid,EP_V032_RR3.wav,84,C6,32,3,569.000,575.000,578.000
EP_V032_RR3.mid,EP_V032_RR3.wav,85,C#6,32,3,578.000,584.000,587.000
EP_V032_RR3.mid,EP_V032_RR3.wav,86,D6,32,3,587.000,593.000,596.000
EP_V032_RR3.mid,EP_V032_RR3.wav,87,D#6,32,3,596.000,602.000,605.000
EP_V032_RR3.mid,EP_V032_RR3.wav,88,E6,32,3,605.000,611.000,614.000
EP_V032_RR3.mid,EP_V032_RR3.wav,89,F6,32,3,614.000,620.000,623.000
EP_V032_RR3.mid,EP_V032_RR3.wav,90,F#6,32,3,623.000,629.000,632.000
EP_V032_RR3.mid,EP_V032_RR3.wav,91,G6,32,3,632.000,638.000,641.000
EP_V032_RR3.mid,EP_V032_RR3.wav,92,G#6,32,3,641.000,647.000,650.000
EP_V032_RR3.mid,EP_V032_RR3.wav,93,A6,32,3,650.000,656.000,659.000
EP_V032_RR3.mid,EP_V032_RR3.wav,94,A#6,32,3,659.000,665.000,668.000
EP_V032_RR3.mid,EP_V032_RR3.wav,95,B6,32,3,668.000,674.000,677.000
EP_V032_RR3.mid,EP_V032_RR3.wav,96,C7,32,3,677.000,683.000,686.000
EP_V032_RR3.mid,EP_V032_RR3.wav,97,C#7,32,3,686.000,692.000,695.000
EP_V032_RR3.mid,EP_V032_RR3.wav,98,D7,32,3,695.000,701.000,704.000
EP_V032_RR3.mid,EP_V032_RR3.wav,99,D#7,32,3,704.000,710.000,713.000
EP_V032_RR3.mid,EP_V032_RR3.wav,100,E7,32,3,713.000,719.000,722.000
EP_V032_RR3.mid,EP_V032_RR3.wav,101,F7,32,3,722.000,728.000,731.000
EP_V032_RR3.mid,EP_V032_RR3.wav,102,F#7,32,3,731.000,737.000,740.000
EP_V032_RR3.mid,EP_V032_RR3.wav,103,G7,32,3,740.000,746.000,749.000
EP_V032_RR3.mid,EP_V032_RR3.wav,104,G#7,32,3,749.000,755.000,758.000
EP_V032_RR3.mid,EP_V032_RR3.wav,105,A7,32,3,758.000,764.000,767.000
EP_V032_RR3.mid,EP_V032_RR3.wav,106,A#7,32,3,767.000,773.000,776.000
EP_V032_RR3.mid,EP_V032_RR3.wav,107,B7,32,3,776.000,782.000,785.000
EP_V032_RR3.mid,EP_V032_RR3.wav,108,C8,32,3,785.000,791.000,794.000
EP_V048_RR1.mid,EP_V048_RR1.wav,21,A0,48,1,2.000,8.000,11.000
EP_V048_RR1.mid,EP_V048_RR1.wav,22,A#0,48,1,11.000,17.000,20.000
EP_V048_RR1.mid,EP_V048_RR1.wav,23,B0,48,1,20.000,26.000,29.000
EP_V048_RR1.mid,EP_V048_RR1.wav,24,C1,48,1,29.000,35.000,38.000
EP_V048_RR1.mid,EP_V048_RR1.wav,25,C#1,48,1,38.000,44.000,47.000
EP_V048_RR1.mid,EP_V048_RR1.wav,26,D1,48,1,47.000,53.000,56.000
EP_V048_RR1.mid,EP_V048_RR1.wav,27,D#1,48,1,56.000,62.000,65.000
EP_V048_RR1.mid,EP_V048_RR1.wav,28,E1,48,1,65.000,71.000,74.000
EP_V048_RR1.mid,EP_V048_RR1.wav,29,F1,48,1,74.000,80.000,83.000
EP_V048_RR1.mid,EP_V048_RR1.wav,30,F#1,48,1,83.000,89.000,92.000
EP_V048_RR1.mid,EP_V048_RR1.wav,31,G1,48,1,92.000,98.000,101.000
EP_V048_RR1.mid,EP_V048_RR1.wav,32,G#1,48,1,101.000,107.000,110.000
EP_V048_RR1.mid,EP_V048_RR1.wav,33,A1,48,1,110.000,116.000,119.000
EP_V048_RR1.mid,EP_V048_RR1.wav,34,A#1,48,1,119.000,125.000,128.000
EP_V048_RR1.mid,EP_V048_RR1.wav,35,B1,48,1,128.000,134.000,137.000
EP_V048_RR1.mid,EP_V048_RR1.wav,36,C2,48,1,137.000,143.000,146.000
EP_V048_RR1.mid,EP_V048_RR1.wav,37,C#2,48,1,146.000,152.000,155.000
EP_V048_RR1.mid,EP_V048_RR1.wav,38,D2,48,1,155.000,161.000,164.000
EP_V048_RR1.mid,EP_V048_RR1.wav,39,D#2,48,1,164.000,170.000,173.000
EP_V048_RR1.mid,EP_V048_RR1.wav,40,E2,48,1,173.000,179.000,182.000
EP_V048_RR1.mid,EP_V048_RR1.wav,41,F2,48,1,182.000,188.000,191.000
EP_V048_RR1.mid,EP_V048_RR1.wav,42,F#2,48,1,191.000,197.000,200.000
EP_V048_RR1.mid,EP_V048_RR1.wav,43,G2,48,1,200.000,206.000,209.000
EP_V048_RR1.mid,EP_V048_RR1.wav,44,G#2,48,1,209.000,215.000,218.000
EP_V048_RR1.mid,EP_V048_RR1.wav,45,A2,48,1,218.000,224.000,227.000
EP_V048_RR1.mid,EP_V048_RR1.wav,46,A#2,48,1,227.000,233.000,236.000
EP_V048_RR1.mid,EP_V048_RR1.wav,47,B2,48,1,236.000,242.000,245.000
EP_V048_RR1.mid,EP_V048_RR1.wav,48,C3,48,1,245.000,251.000,254.000
EP_V048_RR1.mid,EP_V048_RR1.wav,49,C#3,48,1,254.000,260.000,263.000
EP_V048_RR1.mid,EP_V048_RR1.wav,50,D3,48,1,263.000,269.000,272.000
EP_V048_RR1.mid,EP_V048_RR1.wav,51,D#3,48,1,272.000,278.000,281.000
EP_V048_RR1.mid,EP_V048_RR1.wav,52,E3,48,1,281.000,287.000,290.000
EP_V048_RR1.mid,EP_V048_RR1.wav,53,F3,48,1,290.000,296.000,299.000
EP_V048_RR1.mid,EP_V048_RR1.wav,54,F#3,48,1,299.000,305.000,308.000
EP_V048_RR1.mid,EP_V048_RR1.wav,55,G3,48,1,308.000,314.000,317.000
EP_V048_RR1.mid,EP_V048_RR1.wav,56,G#3,48,1,317.000,323.000,326.000
EP_V048_RR1.mid,EP_V048_RR1.wav,57,A3,48,1,326.000,332.000,335.000
EP_V048_RR1.mid,EP_V048_RR1.wav,58,A#3,48,1,335.000,341.000,344.000
EP_V048_RR1.mid,EP_V048_RR1.wav,59,B3,48,1,344.000,350.000,353.000
EP_V048_RR1.mid,EP_V048_RR1.wav,60,C4,48,1,353.000,359.000,362.000
EP_V048_RR1.mid,EP_V048_RR1.wav,61,C#4,48,1,362.000,368.000,371.000
EP_V048_RR1.mid,EP_V048_RR1.wav,62,D4,48,1,371.000,377.000,380.000
EP_V048_RR1.mid,EP_V048_RR1.wav,63,D#4,48,1,380.000,386.000,389.000
EP_V048_RR1.mid,EP_V048_RR1.wav,64,E4,48,1,389.000,395.000,398.000
EP_V048_RR1.mid,EP_V048_RR1.wav,65,F4,48,1,398.000,404.000,407.000
EP_V048_RR1.mid,EP_V048_RR1.wav,66,F#4,48,1,407.000,413.000,416.000
EP_V048_RR1.mid,EP_V048_RR1.wav,67,G4,48,1,416.000,422.000,425.000
EP_V048_RR1.mid,EP_V048_RR1.wav,68,G#4,48,1,425.000,431.000,434.000
EP_V048_RR1.mid,EP_V048_RR1.wav,69,A4,48,1,434.000,440.000,443.000
EP_V048_RR1.mid,EP_V048_RR1.wav,70,A#4,48,1,443.000,449.000,452.000
EP_V048_RR1.mid,EP_V048_RR1.wav,71,B4,48,1,452.000,458.000,461.000
EP_V048_RR1.mid,EP_V048_RR1.wav,72,C5,48,1,461.000,467.000,470.000
EP_V048_RR1.mid,EP_V048_RR1.wav,73,C#5,48,1,470.000,476.000,479.000
EP_V048_RR1.mid,EP_V048_RR1.wav,74,D5,48,1,479.000,485.000,488.000
EP_V048_RR1.mid,EP_V048_RR1.wav,75,D#5,48,1,488.000,494.000,497.000
EP_V048_RR1.mid,EP_V048_RR1.wav,76,E5,48,1,497.000,503.000,506.000
EP_V048_RR1.mid,EP_V048_RR1.wav,77,F5,48,1,506.000,512.000,515.000
EP_V048_RR1.mid,EP_V048_RR1.wav,78,F#5,48,1,515.000,521.000,524.000
EP_V048_RR1.mid,EP_V048_RR1.wav,79,G5,48,1,524.000,530.000,533.000
EP_V048_RR1.mid,EP_V048_RR1.wav,80,G#5,48,1,533.000,539.000,542.000
EP_V048_RR1.mid,EP_V048_RR1.wav,81,A5,48,1,542.000,548.000,551.000
EP_V048_RR1.mid,EP_V048_RR1.wav,82,A#5,48,1,551.000,557.000,560.000
EP_V048_RR1.mid,EP_V048_RR1.wav,83,B5,48,1,560.000,566.000,569.000
EP_V048_RR1.mid,EP_V048_RR1.wav,84,C6,48,1,569.000,575.000,578.000
EP_V048_RR1.mid,EP_V048_RR1.wav,85,C#6,48,1,578.000,584.000,587.000
EP_V048_RR1.mid,EP_V048_RR1.wav,86,D6,48,1,587.000,593.000,596.000
EP_V048_RR1.mid,EP_V048_RR1.wav,87,D#6,48,1,596.000,602.000,605.000
EP_V048_RR1.mid,EP_V048_RR1.wav,88,E6,48,1,605.000,611.000,614.000
EP_V048_RR1.mid,EP_V048_RR1.wav,89,F6,48,1,614.000,620.000,623.000
EP_V048_RR1.mid,EP_V048_RR1.wav,90,F#6,48,1,623.000,629.000,632.000
EP_V048_RR1.mid,EP_V048_RR1.wav,91,G6,48,1,632.000,638.000,641.000
EP_V048_RR1.mid,EP_V048_RR1.wav,92,G#6,48,1,641.000,647.000,650.000
EP_V048_RR1.mid,EP_V048_RR1.wav,93,A6,48,1,650.000,656.000,659.000
EP_V048_RR1.mid,EP_V048_RR1.wav,94,A#6,48,1,659.000,665.000,668.000
EP_V048_RR1.mid,EP_V048_RR1.wav,95,B6,48,1,668.000,674.000,677.000
EP_V048_RR1.mid,EP_V048_RR1.wav,96,C7,48,1,677.000,683.000,686.000
EP_V048_RR1.mid,EP_V048_RR1.wav,97,C#7,48,1,686.000,692.000,695.000
EP_V048_RR1.mid,EP_V048_RR1.wav,98,D7,48,1,695.000,701.000,704.000
EP_V048_RR1.mid,EP_V048_RR1.wav,99,D#7,48,1,704.000,710.000,713.000
EP_V048_RR1.mid,EP_V048_RR1.wav,100,E7,48,1,713.000,719.000,722.000
EP_V048_RR1.mid,EP_V048_RR1.wav,101,F7,48,1,722.000,728.000,731.000
EP_V048_RR1.mid,EP_V048_RR1.wav,102,F#7,48,1,731.000,737.000,740.000
EP_V048_RR1.mid,EP_V048_RR1.wav,103,G7,48,1,740.000,746.000,749.000
EP_V048_RR1.mid,EP_V048_RR1.wav,104,G#7,48,1,749.000,755.000,758.000
EP_V048_RR1.mid,EP_V048_RR1.wav,105,A7,48,1,758.000,764.000,767.000
EP_V048_RR1.mid,EP_V048_RR1.wav,106,A#7,48,1,767.000,773.000,776.000
EP_V048_RR1.mid,EP_V048_RR1.wav,107,B7,48,1,776.000,782.000,785.000
EP_V048_RR1.mid,EP_V048_RR1.wav,108,C8,48,1,785.000,791.000,794.000
EP_V048_RR2.mid,EP_V048_RR2.wav,21,A0,48,2,2.000,8.000,11.000
EP_V048_RR2.mid,EP_V048_RR2.wav,22,A#0,48,2,11.000,17.000,20.000
EP_V048_RR2.mid,EP_V048_RR2.wav,23,B0,48,2,20.000,26.000,29.000
EP_V048_RR2.mid,EP_V048_RR2.wav,24,C1,48,2,29.000,35.000,38.000
EP_V048_RR2.mid,EP_V048_RR2.wav,25,C#1,48,2,38.000,44.000,47.000
EP_V048_RR2.mid,EP_V048_RR2.wav,26,D1,48,2,47.000,53.000,56.000
EP_V048_RR2.mid,EP_V048_RR2.wav,27,D#1,48,2,56.000,62.000,65.000
EP_V048_RR2.mid,EP_V048_RR2.wav,28,E1,48,2,65.000,71.000,74.000
EP_V048_RR2.mid,EP_V048_RR2.wav,29,F1,48,2,74.000,80.000,83.000
EP_V048_RR2.mid,EP_V048_RR2.wav,30,F#1,48,2,83.000,89.000,92.000
EP_V048_RR2.mid,EP_V048_RR2.wav,31,G1,48,2,92.000,98.000,101.000
EP_V048_RR2.mid,EP_V048_RR2.wav,32,G#1,48,2,101.000,107.000,110.000
EP_V048_RR2.mid,EP_V048_RR2.wav,33,A1,48,2,110.000,116.000,119.000
EP_V048_RR2.mid,EP_V048_RR2.wav,34,A#1,48,2,119.000,125.000,128.000
EP_V048_RR2.mid,EP_V048_RR2.wav,35,B1,48,2,128.000,134.000,137.000
EP_V048_RR2.mid,EP_V048_RR2.wav,36,C2,48,2,137.000,143.000,146.000
EP_V048_RR2.mid,EP_V048_RR2.wav,37,C#2,48,2,146.000,152.000,155.000
EP_V048_RR2.mid,EP_V048_RR2.wav,38,D2,48,2,155.000,161.000,164.000
EP_V048_RR2.mid,EP_V048_RR2.wav,39,D#2,48,2,164.000,170.000,173.000
EP_V048_RR2.mid,EP_V048_RR2.wav,40,E2,48,2,173.000,179.000,182.000
EP_V048_RR2.mid,EP_V048_RR2.wav,41,F2,48,2,182.000,188.000,191.000
EP_V048_RR2.mid,EP_V048_RR2.wav,42,F#2,48,2,191.000,197.000,200.000
EP_V048_RR2.mid,EP_V048_RR2.wav,43,G2,48,2,200.000,206.000,209.000
EP_V048_RR2.mid,EP_V048_RR2.wav,44,G#2,48,2,209.000,215.000,218.000
EP_V048_RR2.mid,EP_V048_RR2.wav,45,A2,48,2,218.000,224.000,227.000
EP_V048_RR2.mid,EP_V048_RR2.wav,46,A#2,48,2,227.000,233.000,236.000
EP_V048_RR2.mid,EP_V048_RR2.wav,47,B2,48,2,236.000,242.000,245.000
EP_V048_RR2.mid,EP_V048_RR2.wav,48,C3,48,2,245.000,251.000,254.000
EP_V048_RR2.mid,EP_V048_RR2.wav,49,C#3,48,2,254.000,260.000,263.000
EP_V048_RR2.mid,EP_V048_RR2.wav,50,D3,48,2,263.000,269.000,272.000
EP_V048_RR2.mid,EP_V048_RR2.wav,51,D#3,48,2,272.000,278.000,281.000
EP_V048_RR2.mid,EP_V048_RR2.wav,52,E3,48,2,281.000,287.000,290.000
EP_V048_RR2.mid,EP_V048_RR2.wav,53,F3,48,2,290.000,296.000,299.000
EP_V048_RR2.mid,EP_V048_RR2.wav,54,F#3,48,2,299.000,305.000,308.000
EP_V048_RR2.mid,EP_V048_RR2.wav,55,G3,48,2,308.000,314.000,317.000
EP_V048_RR2.mid,EP_V048_RR2.wav,56,G#3,48,2,317.000,323.000,326.000
EP_V048_RR2.mid,EP_V048_RR2.wav,57,A3,48,2,326.000,332.000,335.000
EP_V048_RR2.mid,EP_V048_RR2.wav,58,A#3,48,2,335.000,341.000,344.000
EP_V048_RR2.mid,EP_V048_RR2.wav,59,B3,48,2,344.000,350.000,353.000
EP_V048_RR2.mid,EP_V048_RR2.wav,60,C4,48,2,353.000,359.000,362.000
EP_V048_RR2.mid,EP_V048_RR2.wav,61,C#4,48,2,362.000,368.000,371.000
EP_V048_RR2.mid,EP_V048_RR2.wav,62,D4,48,2,371.000,377.000,380.000
EP_V048_RR2.mid,EP_V048_RR2.wav,63,D#4,48,2,380.000,386.000,389.000
EP_V048_RR2.mid,EP_V048_RR2.wav,64,E4,48,2,389.000,395.000,398.000
EP_V048_RR2.mid,EP_V048_RR2.wav,65,F4,48,2,398.000,404.000,407.000
EP_V048_RR2.mid,EP_V048_RR2.wav,66,F#4,48,2,407.000,413.000,416.000
EP_V048_RR2.mid,EP_V048_RR2.wav,67,G4,48,2,416.000,422.000,425.000
EP_V048_RR2.mid,EP_V048_RR2.wav,68,G#4,48,2,425.000,431.000,434.000
EP_V048_RR2.mid,EP_V048_RR2.wav,69,A4,48,2,434.000,440.000,443.000
EP_V048_RR2.mid,EP_V048_RR2.wav,70,A#4,48,2,443.000,449.000,452.000
EP_V048_RR2.mid,EP_V048_RR2.wav,71,B4,48,2,452.000,458.000,461.000
EP_V048_RR2.mid,EP_V048_RR2.wav,72,C5,48,2,461.000,467.000,470.000
EP_V048_RR2.mid,EP_V048_RR2.wav,73,C#5,48,2,470.000,476.000,479.000
EP_V048_RR2.mid,EP_V048_RR2.wav,74,D5,48,2,479.000,485.000,488.000
EP_V048_RR2.mid,EP_V048_RR2.wav,75,D#5,48,2,488.000,494.000,497.000
EP_V048_RR2.mid,EP_V048_RR2.wav,76,E5,48,2,497.000,503.000,506.000
EP_V048_RR2.mid,EP_V048_RR2.wav,77,F5,48,2,506.000,512.000,515.000
EP_V048_RR2.mid,EP_V048_RR2.wav,78,F#5,48,2,515.000,521.000,524.000
EP_V048_RR2.mid,EP_V048_RR2.wav,79,G5,48,2,524.000,530.000,533.000
EP_V048_RR2.mid,EP_V048_RR2.wav,80,G#5,48,2,533.000,539.000,542.000
EP_V048_RR2.mid,EP_V048_RR2.wav,81,A5,48,2,542.000,548.000,551.000
EP_V048_RR2.mid,EP_V048_RR2.wav,82,A#5,48,2,551.000,557.000,560.000
EP_V048_RR2.mid,EP_V048_RR2.wav,83,B5,48,2,560.000,566.000,569.000
EP_V048_RR2.mid,EP_V048_RR2.wav,84,C6,48,2,569.000,575.000,578.000
EP_V048_RR2.mid,EP_V048_RR2.wav,85,C#6,48,2,578.000,584.000,587.000
EP_V048_RR2.mid,EP_V048_RR2.wav,86,D6,48,2,587.000,593.000,596.000
EP_V048_RR2.mid,EP_V048_RR2.wav,87,D#6,48,2,596.000,602.000,605.000
EP_V048_RR2.mid,EP_V048_RR2.wav,88,E6,48,2,605.000,611.000,614.000
EP_V048_RR2.mid,EP_V048_RR2.wav,89,F6,48,2,614.000,620.000,623.000
EP_V048_RR2.mid,EP_V048_RR2.wav,90,F#6,48,2,623.000,629.000,632.000
EP_V048_RR2.mid,EP_V048_RR2.wav,91,G6,48,2,632.000,638.000,641.000
EP_V048_RR2.mid,EP_V048_RR2.wav,92,G#6,48,2,641.000,647.000,650.000
EP_V048_RR2.mid,EP_V048_RR2.wav,93,A6,48,2,650.000,656.000,659.000
EP_V048_RR2.mid,EP_V048_RR2.wav,94,A#6,48,2,659.000,665.000,668.000
EP_V048_RR2.mid,EP_V048_RR2.wav,95,B6,48,2,668.000,674.000,677.000
EP_V048_RR2.mid,EP_V048_RR2.wav,96,C7,48,2,677.000,683.000,686.000
EP_V048_RR2.mid,EP_V048_RR2.wav,97,C#7,48,2,686.000,692.000,695.000
EP_V048_RR2.mid,EP_V048_RR2.wav,98,D7,48,2,695.000,701.000,704.000
EP_V048_RR2.mid,EP_V048_RR2.wav,99,D#7,48,2,704.000,710.000,713.000
EP_V048_RR2.mid,EP_V048_RR2.wav,100,E7,48,2,713.000,719.000,722.000
EP_V048_RR2.mid,EP_V048_RR2.wav,101,F7,48,2,722.000,728.000,731.000
EP_V048_RR2.mid,EP_V048_RR2.wav,102,F#7,48,2,731.000,737.000,740.000
EP_V048_RR2.mid,EP_V048_RR2.wav,103,G7,48,2,740.000,746.000,749.000
EP_V048_RR2.mid,EP_V048_RR2.wav,104,G#7,48,2,749.000,755.000,758.000
EP_V048_RR2.mid,EP_V048_RR2.wav,105,A7,48,2,758.000,764.000,767.000
EP_V048_RR2.mid,EP_V048_RR2.wav,106,A#7,48,2,767.000,773.000,776.000
EP_V048_RR2.mid,EP_V048_RR2.wav,107,B7,48,2,776.000,782.000,785.000
EP_V048_RR2.mid,EP_V048_RR2.wav,108,C8,48,2,785.000,791.000,794.000
EP_V048_RR3.mid,EP_V048_RR3.wav,21,A0,48,3,2.000,8.000,11.000
EP_V048_RR3.mid,EP_V048_RR3.wav,22,A#0,48,3,11.000,17.000,20.000
EP_V048_RR3.mid,EP_V048_RR3.wav,23,B0,48,3,20.000,26.000,29.000
EP_V048_RR3.mid,EP_V048_RR3.wav,24,C1,48,3,29.000,35.000,38.000
EP_V048_RR3.mid,EP_V048_RR3.wav,25,C#1,48,3,38.000,44.000,47.000
EP_V048_RR3.mid,EP_V048_RR3.wav,26,D1,48,3,47.000,53.000,56.000
EP_V048_RR3.mid,EP_V048_RR3.wav,27,D#1,48,3,56.000,62.000,65.000
EP_V048_RR3.mid,EP_V048_RR3.wav,28,E1,48,3,65.000,71.000,74.000
EP_V048_RR3.mid,EP_V048_RR3.wav,29,F1,48,3,74.000,80.000,83.000
EP_V048_RR3.mid,EP_V048_RR3.wav,30,F#1,48,3,83.000,89.000,92.000
EP_V048_RR3.mid,EP_V048_RR3.wav,31,G1,48,3,92.000,98.000,101.000
EP_V048_RR3.mid,EP_V048_RR3.wav,32,G#1,48,3,101.000,107.000,110.000
EP_V048_RR3.mid,EP_V048_RR3.wav,33,A1,48,3,110.000,116.000,119.000
EP_V048_RR3.mid,EP_V048_RR3.wav,34,A#1,48,3,119.000,125.000,128.000
EP_V048_RR3.mid,EP_V048_RR3.wav,35,B1,48,3,128.000,134.000,137.000
EP_V048_RR3.mid,EP_V048_RR3.wav,36,C2,48,3,137.000,143.000,146.000
EP_V048_RR3.mid,EP_V048_RR3.wav,37,C#2,48,3,146.000,152.000,155.000
EP_V048_RR3.mid,EP_V048_RR3.wav,38,D2,48,3,155.000,161.000,164.000
EP_V048_RR3.mid,EP_V048_RR3.wav,39,D#2,48,3,164.000,170.000,173.000
EP_V048_RR3.mid,EP_V048_RR3.wav,40,E2,48,3,173.000,179.000,182.000
EP_V048_RR3.mid,EP_V048_RR3.wav,41,F2,48,3,182.000,188.000,191.000
EP_V048_RR3.mid,EP_V048_RR3.wav,42,F#2,48,3,191.000,197.000,200.000
EP_V048_RR3.mid,EP_V048_RR3.wav,43,G2,48,3,200.000,206.000,209.000
EP_V048_RR3.mid,EP_V048_RR3.wav,44,G#2,48,3,209.000,215.000,218.000
EP_V048_RR3.mid,EP_V048_RR3.wav,45,A2,48,3,218.000,224.000,227.000
EP_V048_RR3.mid,EP_V048_RR3.wav,46,A#2,48,3,227.000,233.000,236.000
EP_V048_RR3.mid,EP_V048_RR3.wav,47,B2,48,3,236.000,242.000,245.000
EP_V048_RR3.mid,EP_V048_RR3.wav,48,C3,48,3,245.000,251.000,254.000
EP_V048_RR3.mid,EP_V048_RR3.wav,49,C#3,48,3,254.000,260.000,263.000
EP_V048_RR3.mid,EP_V048_RR3.wav,50,D3,48,3,263.000,269.000,272.000
EP_V048_RR3.mid,EP_V048_RR3.wav,51,D#3,48,3,272.000,278.000,281.000
EP_V048_RR3.mid,EP_V048_RR3.wav,52,E3,48,3,281.000,287.000,290.000
EP_V048_RR3.mid,EP_V048_RR3.wav,53,F3,48,3,290.000,296.000,299.000
EP_V048_RR3.mid,EP_V048_RR3.wav,54,F#3,48,3,299.000,305.000,308.000
EP_V048_RR3.mid,EP_V048_RR3.wav,55,G3,48,3,308.000,314.000,317.000
EP_V048_RR3.mid,EP_V048_RR3.wav,56,G#3,48,3,317.000,323.000,326.000
EP_V048_RR3.mid,EP_V048_RR3.wav,57,A3,48,3,326.000,332.000,335.000
EP_V048_RR3.mid,EP_V048_RR3.wav,58,A#3,48,3,335.000,341.000,344.000
EP_V048_RR3.mid,EP_V048_RR3.wav,59,B3,48,3,344.000,350.000,353.000
EP_V048_RR3.mid,EP_V048_RR3.wav,60,C4,48,3,353.000,359.000,362.000
EP_V048_RR3.mid,EP_V048_RR3.wav,61,C#4,48,3,362.000,368.000,371.000
EP_V048_RR3.mid,EP_V048_RR3.wav,62,D4,48,3,371.000,377.000,380.000
EP_V048_RR3.mid,EP_V048_RR3.wav,63,D#4,48,3,380.000,386.000,389.000
EP_V048_RR3.mid,EP_V048_RR3.wav,64,E4,48,3,389.000,395.000,398.000
EP_V048_RR3.mid,EP_V048_RR3.wav,65,F4,48,3,398.000,404.000,407.000
EP_V048_RR3.mid,EP_V048_RR3.wav,66,F#4,48,3,407.000,413.000,416.000
EP_V048_RR3.mid,EP_V048_RR3.wav,67,G4,48,3,416.000,422.000,425.000
EP_V048_RR3.mid,EP_V048_RR3.wav,68,G#4,48,3,425.000,431.000,434.000
EP_V048_RR3.mid,EP_V048_RR3.wav,69,A4,48,3,434.000,440.000,443.000
EP_V048_RR3.mid,EP_V048_RR3.wav,70,A#4,48,3,443.000,449.000,452.000
EP_V048_RR3.mid,EP_V048_RR3.wav,71,B4,48,3,452.000,458.000,461.000
EP_V048_RR3.mid,EP_V048_RR3.wav,72,C5,48,3,461.000,467.000,470.000
EP_V048_RR3.mid,EP_V048_RR3.wav,73,C#5,48,3,470.000,476.000,479.000
EP_V048_RR3.mid,EP_V048_RR3.wav,74,D5,48,3,479.000,485.000,488.000
EP_V048_RR3.mid,EP_V048_RR3.wav,75,D#5,48,3,488.000,494.000,497.000
EP_V048_RR3.mid,EP_V048_RR3.wav,76,E5,48,3,497.000,503.000,506.000
EP_V048_RR3.mid,EP_V048_RR3.wav,77,F5,48,3,506.000,512.000,515.000
EP_V048_RR3.mid,EP_V048_RR3.wav,78,F#5,48,3,515.000,521.000,524.000
EP_V048_RR3.mid,EP_V048_RR3.wav,79,G5,48,3,524.000,530.000,533.000
EP_V048_RR3.mid,EP_V048_RR3.wav,80,G#5,48,3,533.000,539.000,542.000
EP_V048_RR3.mid,EP_V048_RR3.wav,81,A5,48,3,542.000,548.000,551.000
EP_V048_RR3.mid,EP_V048_RR3.wav,82,A#5,48,3,551.000,557.000,560.000
EP_V048_RR3.mid,EP_V048_RR3.wav,83,B5,48,3,560.000,566.000,569.000
EP_V048_RR3.mid,EP_V048_RR3.wav,84,C6,48,3,569.000,575.000,578.000
EP_V048_RR3.mid,EP_V048_RR3.wav,85,C#6,48,3,578.000,584.000,587.000
EP_V048_RR3.mid,EP_V048_RR3.wav,86,D6,48,3,587.000,593.000,596.000
EP_V048_RR3.mid,EP_V048_RR3.wav,87,D#6,48,3,596.000,602.000,605.000
EP_V048_RR3.mid,EP_V048_RR3.wav,88,E6,48,3,605.000,611.000,614.000
EP_V048_RR3.mid,EP_V048_RR3.wav,89,F6,48,3,614.000,620.000,623.000
EP_V048_RR3.mid,EP_V048_RR3.wav,90,F#6,48,3,623.000,629.000,632.000
EP_V048_RR3.mid,EP_V048_RR3.wav,91,G6,48,3,632.000,638.000,641.000
EP_V048_RR3.mid,EP_V048_RR3.wav,92,G#6,48,3,641.000,647.000,650.000
EP_V048_RR3.mid,EP_V048_RR3.wav,93,A6,48,3,650.000,656.000,659.000
EP_V048_RR3.mid,EP_V048_RR3.wav,94,A#6,48,3,659.000,665.000,668.000
EP_V048_RR3.mid,EP_V048_RR3.wav,95,B6,48,3,668.000,674.000,677.000
EP_V048_RR3.mid,EP_V048_RR3.wav,96,C7,48,3,677.000,683.000,686.000
EP_V048_RR3.mid,EP_V048_RR3.wav,97,C#7,48,3,686.000,692.000,695.000
EP_V048_RR3.mid,EP_V048_RR3.wav,98,D7,48,3,695.000,701.000,704.000
EP_V048_RR3.mid,EP_V048_RR3.wav,99,D#7,48,3,704.000,710.000,713.000
EP_V048_RR3.mid,EP_V048_RR3.wav,100,E7,48,3,713.000,719.000,722.000
EP_V048_RR3.mid,EP_V048_RR3.wav,101,F7,48,3,722.000,728.000,731.000
EP_V048_RR3.mid,EP_V048_RR3.wav,102,F#7,48,3,731.000,737.000,740.000
EP_V048_RR3.mid,EP_V048_RR3.wav,103,G7,48,3,740.000,746.000,749.000
EP_V048_RR3.mid,EP_V048_RR3.wav,104,G#7,48,3,749.000,755.000,758.000
EP_V048_RR3.mid,EP_V048_RR3.wav,105,A7,48,3,758.000,764.000,767.000
EP_V048_RR3.mid,EP_V048_RR3.wav,106,A#7,48,3,767.000,773.000,776.000
EP_V048_RR3.mid,EP_V048_RR3.wav,107,B7,48,3,776.000,782.000,785.000
EP_V048_RR3.mid,EP_V048_RR3.wav,108,C8,48,3,785.000,791.000,794.000
EP_V064_RR1.mid,EP_V064_RR1.wav,21,A0,64,1,2.000,8.000,11.000
EP_V064_RR1.mid,EP_V064_RR1.wav,22,A#0,64,1,11.000,17.000,20.000
EP_V064_RR1.mid,EP_V064_RR1.wav,23,B0,64,1,20.000,26.000,29.000
EP_V064_RR1.mid,EP_V064_RR1.wav,24,C1,64,1,29.000,35.000,38.000
EP_V064_RR1.mid,EP_V064_RR1.wav,25,C#1,64,1,38.000,44.000,47.000
EP_V064_RR1.mid,EP_V064_RR1.wav,26,D1,64,1,47.000,53.000,56.000
EP_V064_RR1.mid,EP_V064_RR1.wav,27,D#1,64,1,56.000,62.000,65.000
EP_V064_RR1.mid,EP_V064_RR1.wav,28,E1,64,1,65.000,71.000,74.000
EP_V064_RR1.mid,EP_V064_RR1.wav,29,F1,64,1,74.000,80.000,83.000
EP_V064_RR1.mid,EP_V064_RR1.wav,30,F#1,64,1,83.000,89.000,92.000
EP_V064_RR1.mid,EP_V064_RR1.wav,31,G1,64,1,92.000,98.000,101.000
EP_V064_RR1.mid,EP_V064_RR1.wav,32,G#1,64,1,101.000,107.000,110.000
EP_V064_RR1.mid,EP_V064_RR1.wav,33,A1,64,1,110.000,116.000,119.000
EP_V064_RR1.mid,EP_V064_RR1.wav,34,A#1,64,1,119.000,125.000,128.000
EP_V064_RR1.mid,EP_V064_RR1.wav,35,B1,64,1,128.000,134.000,137.000
EP_V064_RR1.mid,EP_V064_RR1.wav,36,C2,64,1,137.000,143.000,146.000
EP_V064_RR1.mid,EP_V064_RR1.wav,37,C#2,64,1,146.000,152.000,155.000
EP_V064_RR1.mid,EP_V064_RR1.wav,38,D2,64,1,155.000,161.000,164.000
EP_V064_RR1.mid,EP_V064_RR1.wav,39,D#2,64,1,164.000,170.000,173.000
EP_V064_RR1.mid,EP_V064_RR1.wav,40,E2,64,1,173.000,179.000,182.000
EP_V064_RR1.mid,EP_V064_RR1.wav,41,F2,64,1,182.000,188.000,191.000
EP_V064_RR1.mid,EP_V064_RR1.wav,42,F#2,64,1,191.000,197.000,200.000
EP_V064_RR1.mid,EP_V064_RR1.wav,43,G2,64,1,200.000,206.000,209.000
EP_V064_RR1.mid,EP_V064_RR1.wav,44,G#2,64,1,209.000,215.000,218.000
EP_V064_RR1.mid,EP_V064_RR1.wav,45,A2,64,1,218.000,224.000,227.000
EP_V064_RR1.mid,EP_V064_RR1.wav,46,A#2,64,1,227.000,233.000,236.000
EP_V064_RR1.mid,EP_V064_RR1.wav,47,B2,64,1,236.000,242.000,245.000
EP_V064_RR1.mid,EP_V064_RR1.wav,48,C3,64,1,245.000,251.000,254.000
EP_V064_RR1.mid,EP_V064_RR1.wav,49,C#3,64,1,254.000,260.000,263.000
EP_V064_RR1.mid,EP_V064_RR1.wav,50,D3,64,1,263.000,269.000,272.000
EP_V064_RR1.mid,EP_V064_RR1.wav,51,D#3,64,1,272.000,278.000,281.000
EP_V064_RR1.mid,EP_V064_RR1.wav,52,E3,64,1,281.000,287.000,290.000
EP_V064_RR1.mid,EP_V064_RR1.wav,53,F3,64,1,290.000,296.000,299.000
EP_V064_RR1.mid,EP_V064_RR1.wav,54,F#3,64,1,299.000,305.000,308.000
EP_V064_RR1.mid,EP_V064_RR1.wav,55,G3,64,1,308.000,314.000,317.000
EP_V064_RR1.mid,EP_V064_RR1.wav,56,G#3,64,1,317.000,323.000,326.000
EP_V064_RR1.mid,EP_V064_RR1.wav,57,A3,64,1,326.000,332.000,335.000
EP_V064_RR1.mid,EP_V064_RR1.wav,58,A#3,64,1,335.000,341.000,344.000
EP_V064_RR1.mid,EP_V064_RR1.wav,59,B3,64,1,344.000,350.000,353.000
EP_V064_RR1.mid,EP_V064_RR1.wav,60,C4,64,1,353.000,359.000,362.000
EP_V064_RR1.mid,EP_V064_RR1.wav,61,C#4,64,1,362.000,368.000,371.000
EP_V064_RR1.mid,EP_V064_RR1.wav,62,D4,64,1,371.000,377.000,380.000
EP_V064_RR1.mid,EP_V064_RR1.wav,63,D#4,64,1,380.000,386.000,389.000
EP_V064_RR1.mid,EP_V064_RR1.wav,64,E4,64,1,389.000,395.000,398.000
EP_V064_RR1.mid,EP_V064_RR1.wav,65,F4,64,1,398.000,404.000,407.000
EP_V064_RR1.mid,EP_V064_RR1.wav,66,F#4,64,1,407.000,413.000,416.000
EP_V064_RR1.mid,EP_V064_RR1.wav,67,G4,64,1,416.000,422.000,425.000
EP_V064_RR1.mid,EP_V064_RR1.wav,68,G#4,64,1,425.000,431.000,434.000
EP_V064_RR1.mid,EP_V064_RR1.wav,69,A4,64,1,434.000,440.000,443.000
EP_V064_RR1.mid,EP_V064_RR1.wav,70,A#4,64,1,443.000,449.000,452.000
EP_V064_RR1.mid,EP_V064_RR1.wav,71,B4,64,1,452.000,458.000,461.000
EP_V064_RR1.mid,EP_V064_RR1.wav,72,C5,64,1,461.000,467.000,470.000
EP_V064_RR1.mid,EP_V064_RR1.wav,73,C#5,64,1,470.000,476.000,479.000
EP_V064_RR1.mid,EP_V064_RR1.wav,74,D5,64,1,479.000,485.000,488.000
EP_V064_RR1.mid,EP_V064_RR1.wav,75,D#5,64,1,488.000,494.000,497.000
EP_V064_RR1.mid,EP_V064_RR1.wav,76,E5,64,1,497.000,503.000,506.000
EP_V064_RR1.mid,EP_V064_RR1.wav,77,F5,64,1,506.000,512.000,515.000
EP_V064_RR1.mid,EP_V064_RR1.wav,78,F#5,64,1,515.000,521.000,524.000
EP_V064_RR1.mid,EP_V064_RR1.wav,79,G5,64,1,524.000,530.000,533.000
EP_V064_RR1.mid,EP_V064_RR1.wav,80,G#5,64,1,533.000,539.000,542.000
EP_V064_RR1.mid,EP_V064_RR1.wav,81,A5,64,1,542.000,548.000,551.000
EP_V064_RR1.mid,EP_V064_RR1.wav,82,A#5,64,1,551.000,557.000,560.000
EP_V064_RR1.mid,EP_V064_RR1.wav,83,B5,64,1,560.000,566.000,569.000
EP_V064_RR1.mid,EP_V064_RR1.wav,84,C6,64,1,569.000,575.000,578.000
EP_V064_RR1.mid,EP_V064_RR1.wav,85,C#6,64,1,578.000,584.000,587.000
EP_V064_RR1.mid,EP_V064_RR1.wav,86,D6,64,1,587.000,593.000,596.000
EP_V064_RR1.mid,EP_V064_RR1.wav,87,D#6,64,1,596.000,602.000,605.000
EP_V064_RR1.mid,EP_V064_RR1.wav,88,E6,64,1,605.000,611.000,614.000
EP_V064_RR1.mid,EP_V064_RR1.wav,89,F6,64,1,614.000,620.000,623.000
EP_V064_RR1.mid,EP_V064_RR1.wav,90,F#6,64,1,623.000,629.000,632.000
EP_V064_RR1.mid,EP_V064_RR1.wav,91,G6,64,1,632.000,638.000,641.000
EP_V064_RR1.mid,EP_V064_RR1.wav,92,G#6,64,1,641.000,647.000,650.000
EP_V064_RR1.mid,EP_V064_RR1.wav,93,A6,64,1,650.000,656.000,659.000
EP_V064_RR1.mid,EP_V064_RR1.wav,94,A#6,64,1,659.000,665.000,668.000
EP_V064_RR1.mid,EP_V064_RR1.wav,95,B6,64,1,668.000,674.000,677.000
EP_V064_RR1.mid,EP_V064_RR1.wav,96,C7,64,1,677.000,683.000,686.000
EP_V064_RR1.mid,EP_V064_RR1.wav,97,C#7,64,1,686.000,692.000,695.000
EP_V064_RR1.mid,EP_V064_RR1.wav,98,D7,64,1,695.000,701.000,704.000
EP_V064_RR1.mid,EP_V064_RR1.wav,99,D#7,64,1,704.000,710.000,713.000
EP_V064_RR1.mid,EP_V064_RR1.wav,100,E7,64,1,713.000,719.000,722.000
EP_V064_RR1.mid,EP_V064_RR1.wav,101,F7,64,1,722.000,728.000,731.000
EP_V064_RR1.mid,EP_V064_RR1.wav,102,F#7,64,1,731.000,737.000,740.000
EP_V064_RR1.mid,EP_V064_RR1.wav,103,G7,64,1,740.000,746.000,749.000
EP_V064_RR1.mid,EP_V064_RR1.wav,104,G#7,64,1,749.000,755.000,758.000
EP_V064_RR1.mid,EP_V064_RR1.wav,105,A7,64,1,758.000,764.000,767.000
EP_V064_RR1.mid,EP_V064_RR1.wav,106,A#7,64,1,767.000,773.000,776.000
EP_V064_RR1.mid,EP_V064_RR1.wav,107,B7,64,1,776.000,782.000,785.000
EP_V064_RR1.mid,EP_V064_RR1.wav,108,C8,64,1,785.000,791.000,794.000
EP_V064_RR2.mid,EP_V064_RR2.wav,21,A0,64,2,2.000,8.000,11.000
EP_V064_RR2.mid,EP_V064_RR2.wav,22,A#0,64,2,11.000,17.000,20.000
EP_V064_RR2.mid,EP_V064_RR2.wav,23,B0,64,2,20.000,26.000,29.000
EP_V064_RR2.mid,EP_V064_RR2.wav,24,C1,64,2,29.000,35.000,38.000
EP_V064_RR2.mid,EP_V064_RR2.wav,25,C#1,64,2,38.000,44.000,47.000
EP_V064_RR2.mid,EP_V064_RR2.wav,26,D1,64,2,47.000,53.000,56.000
EP_V064_RR2.mid,EP_V064_RR2.wav,27,D#1,64,2,56.000,62.000,65.000
EP_V064_RR2.mid,EP_V064_RR2.wav,28,E1,64,2,65.000,71.000,74.000
EP_V064_RR2.mid,EP_V064_RR2.wav,29,F1,64,2,74.000,80.000,83.000
EP_V064_RR2.mid,EP_V064_RR2.wav,30,F#1,64,2,83.000,89.000,92.000
EP_V064_RR2.mid,EP_V064_RR2.wav,31,G1,64,2,92.000,98.000,101.000
EP_V064_RR2.mid,EP_V064_RR2.wav,32,G#1,64,2,101.000,107.000,110.000
EP_V064_RR2.mid,EP_V064_RR2.wav,33,A1,64,2,110.000,116.000,119.000
EP_V064_RR2.mid,EP_V064_RR2.wav,34,A#1,64,2,119.000,125.000,128.000
EP_V064_RR2.mid,EP_V064_RR2.wav,35,B1,64,2,128.000,134.000,137.000
EP_V064_RR2.mid,EP_V064_RR2.wav,36,C2,64,2,137.000,143.000,146.000
EP_V064_RR2.mid,EP_V064_RR2.wav,37,C#2,64,2,146.000,152.000,155.000
EP_V064_RR2.mid,EP_V064_RR2.wav,38,D2,64,2,155.000,161.000,164.000
EP_V064_RR2.mid,EP_V064_RR2.wav,39,D#2,64,2,164.000,170.000,173.000
EP_V064_RR2.mid,EP_V064_RR2.wav,40,E2,64,2,173.000,179.000,182.000
EP_V064_RR2.mid,EP_V064_RR2.wav,41,F2,64,2,182.000,188.000,191.000
EP_V064_RR2.mid,EP_V064_RR2.wav,42,F#2,64,2,191.000,197.000,200.000
EP_V064_RR2.mid,EP_V064_RR2.wav,43,G2,64,2,200.000,206.000,209.000
EP_V064_RR2.mid,EP_V064_RR2.wav,44,G#2,64,2,209.000,215.000,218.000
EP_V064_RR2.mid,EP_V064_RR2.wav,45,A2,64,2,218.000,224.000,227.000
EP_V064_RR2.mid,EP_V064_RR2.wav,46,A#2,64,2,227.000,233.000,236.000
EP_V064_RR2.mid,EP_V064_RR2.wav,47,B2,64,2,236.000,242.000,245.000
EP_V064_RR2.mid,EP_V064_RR2.wav,48,C3,64,2,245.000,251.000,254.000
EP_V064_RR2.mid,EP_V064_RR2.wav,49,C#3,64,2,254.000,260.000,263.000
EP_V064_RR2.mid,EP_V064_RR2.wav,50,D3,64,2,263.000,269.000,272.000
EP_V064_RR2.mid,EP_V064_RR2.wav,51,D#3,64,2,272.000,278.000,281.000
EP_V064_RR2.mid,EP_V064_RR2.wav,52,E3,64,2,281.000,287.000,290.000
EP_V064_RR2.mid,EP_V064_RR2.wav,53,F3,64,2,290.000,296.000,299.000
EP_V064_RR2.mid,EP_V064_RR2.wav,54,F#3,64,2,299.000,305.000,308.000
EP_V064_RR2.mid,EP_V064_RR2.wav,55,G3,64,2,308.000,314.000,317.000
EP_V064_RR2.mid,EP_V064_RR2.wav,56,G#3,64,2,317.000,323.000,326.000
EP_V064_RR2.mid,EP_V064_RR2.wav,57,A3,64,2,326.000,332.000,335.000
EP_V064_RR2.mid,EP_V064_RR2.wav,58,A#3,64,2,335.000,341.000,344.000
EP_V064_RR2.mid,EP_V064_RR2.wav,59,B3,64,2,344.000,350.000,353.000
EP_V064_RR2.mid,EP_V064_RR2.wav,60,C4,64,2,353.000,359.000,362.000
EP_V064_RR2.mid,EP_V064_RR2.wav,61,C#4,64,2,362.000,368.000,371.000
EP_V064_RR2.mid,EP_V064_RR2.wav,62,D4,64,2,371.000,377.000,380.000
EP_V064_RR2.mid,EP_V064_RR2.wav,63,D#4,64,2,380.000,386.000,389.000
EP_V064_RR2.mid,EP_V064_RR2.wav,64,E4,64,2,389.000,395.000,398.000
EP_V064_RR2.mid,EP_V064_RR2.wav,65,F4,64,2,398.000,404.000,407.000
EP_V064_RR2.mid,EP_V064_RR2.wav,66,F#4,64,2,407.000,413.000,416.000
EP_V064_RR2.mid,EP_V064_RR2.wav,67,G4,64,2,416.000,422.000,425.000
EP_V064_RR2.mid,EP_V064_RR2.wav,68,G#4,64,2,425.000,431.000,434.000
EP_V064_RR2.mid,EP_V064_RR2.wav,69,A4,64,2,434.000,440.000,443.000
EP_V064_RR2.mid,EP_V064_RR2.wav,70,A#4,64,2,443.000,449.000,452.000
EP_V064_RR2.mid,EP_V064_RR2.wav,71,B4,64,2,452.000,458.000,461.000
EP_V064_RR2.mid,EP_V064_RR2.wav,72,C5,64,2,461.000,467.000,470.000
EP_V064_RR2.mid,EP_V064_RR2.wav,73,C#5,64,2,470.000,476.000,479.000
EP_V064_RR2.mid,EP_V064_RR2.wav,74,D5,64,2,479.000,485.000,488.000
EP_V064_RR2.mid,EP_V064_RR2.wav,75,D#5,64,2,488.000,494.000,497.000
EP_V064_RR2.mid,EP_V064_RR2.wav,76,E5,64,2,497.000,503.000,506.000
EP_V064_RR2.mid,EP_V064_RR2.wav,77,F5,64,2,506.000,512.000,515.000
EP_V064_RR2.mid,EP_V064_RR2.wav,78,F#5,64,2,515.000,521.000,524.000
EP_V064_RR2.mid,EP_V064_RR2.wav,79,G5,64,2,524.000,530.000,533.000
EP_V064_RR2.mid,EP_V064_RR2.wav,80,G#5,64,2,533.000,539.000,542.000
EP_V064_RR2.mid,EP_V064_RR2.wav,81,A5,64,2,542.000,548.000,551.000
EP_V064_RR2.mid,EP_V064_RR2.wav,82,A#5,64,2,551.000,557.000,560.000
EP_V064_RR2.mid,EP_V064_RR2.wav,83,B5,64,2,560.000,566.000,569.000
EP_V064_RR2.mid,EP_V064_RR2.wav,84,C6,64,2,569.000,575.000,578.000
EP_V064_RR2.mid,EP_V064_RR2.wav,85,C#6,64,2,578.000,584.000,587.000
EP_V064_RR2.mid,EP_V064_RR2.wav,86,D6,64,2,587.000,593.000,596.000
EP_V064_RR2.mid,EP_V064_RR2.wav,87,D#6,64,2,596.000,602.000,605.000
EP_V064_RR2.mid,EP_V064_RR2.wav,88,E6,64,2,605.000,611.000,614.000
EP_V064_RR2.mid,EP_V064_RR2.wav,89,F6,64,2,614.000,620.000,623.000
EP_V064_RR2.mid,EP_V064_RR2.wav,90,F#6,64,2,623.000,629.000,632.000
EP_V064_RR2.mid,EP_V064_RR2.wav,91,G6,64,2,632.000,638.000,641.000
EP_V064_RR2.mid,EP_V064_RR2.wav,92,G#6,64,2,641.000,647.000,650.000
EP_V064_RR2.mid,EP_V064_RR2.wav,93,A6,64,2,650.000,656.000,659.000
EP_V064_RR2.mid,EP_V064_RR2.wav,94,A#6,64,2,659.000,665.000,668.000
EP_V064_RR2.mid,EP_V064_RR2.wav,95,B6,64,2,668.000,674.000,677.000
EP_V064_RR2.mid,EP_V064_RR2.wav,96,C7,64,2,677.000,683.000,686.000
EP_V064_RR2.mid,EP_V064_RR2.wav,97,C#7,64,2,686.000,692.000,695.000
EP_V064_RR2.mid,EP_V064_RR2.wav,98,D7,64,2,695.000,701.000,704.000
EP_V064_RR2.mid,EP_V064_RR2.wav,99,D#7,64,2,704.000,710.000,713.000
EP_V064_RR2.mid,EP_V064_RR2.wav,100,E7,64,2,713.000,719.000,722.000
EP_V064_RR2.mid,EP_V064_RR2.wav,101,F7,64,2,722.000,728.000,731.000
EP_V064_RR2.mid,EP_V064_RR2.wav,102,F#7,64,2,731.000,737.000,740.000
EP_V064_RR2.mid,EP_V064_RR2.wav,103,G7,64,2,740.000,746.000,749.000
EP_V064_RR2.mid,EP_V064_RR2.wav,104,G#7,64,2,749.000,755.000,758.000
EP_V064_RR2.mid,EP_V064_RR2.wav,105,A7,64,2,758.000,764.000,767.000
EP_V064_RR2.mid,EP_V064_RR2.wav,106,A#7,64,2,767.000,773.000,776.000
EP_V064_RR2.mid,EP_V064_RR2.wav,107,B7,64,2,776.000,782.000,785.000
EP_V064_RR2.mid,EP_V064_RR2.wav,108,C8,64,2,785.000,791.000,794.000
EP_V064_RR3.mid,EP_V064_RR3.wav,21,A0,64,3,2.000,8.000,11.000
EP_V064_RR3.mid,EP_V064_RR3.wav,22,A#0,64,3,11.000,17.000,20.000
EP_V064_RR3.mid,EP_V064_RR3.wav,23,B0,64,3,20.000,26.000,29.000
EP_V064_RR3.mid,EP_V064_RR3.wav,24,C1,64,3,29.000,35.000,38.000
EP_V064_RR3.mid,EP_V064_RR3.wav,25,C#1,64,3,38.000,44.000,47.000
EP_V064_RR3.mid,EP_V064_RR3.wav,26,D1,64,3,47.000,53.000,56.000
EP_V064_RR3.mid,EP_V064_RR3.wav,27,D#1,64,3,56.000,62.000,65.000
EP_V064_RR3.mid,EP_V064_RR3.wav,28,E1,64,3,65.000,71.000,74.000
EP_V064_RR3.mid,EP_V064_RR3.wav,29,F1,64,3,74.000,80.000,83.000
EP_V064_RR3.mid,EP_V064_RR3.wav,30,F#1,64,3,83.000,89.000,92.000
EP_V064_RR3.mid,EP_V064_RR3.wav,31,G1,64,3,92.000,98.000,101.000
EP_V064_RR3.mid,EP_V064_RR3.wav,32,G#1,64,3,101.000,107.000,110.000
EP_V064_RR3.mid,EP_V064_RR3.wav,33,A1,64,3,110.000,116.000,119.000
EP_V064_RR3.mid,EP_V064_RR3.wav,34,A#1,64,3,119.000,125.000,128.000
EP_V064_RR3.mid,EP_V064_RR3.wav,35,B1,64,3,128.000,134.000,137.000
EP_V064_RR3.mid,EP_V064_RR3.wav,36,C2,64,3,137.000,143.000,146.000
EP_V064_RR3.mid,EP_V064_RR3.wav,37,C#2,64,3,146.000,152.000,155.000
EP_V064_RR3.mid,EP_V064_RR3.wav,38,D2,64,3,155.000,161.000,164.000
EP_V064_RR3.mid,EP_V064_RR3.wav,39,D#2,64,3,164.000,170.000,173.000
EP_V064_RR3.mid,EP_V064_RR3.wav,40,E2,64,3,173.000,179.000,182.000
EP_V064_RR3.mid,EP_V064_RR3.wav,41,F2,64,3,182.000,188.000,191.000
EP_V064_RR3.mid,EP_V064_RR3.wav,42,F#2,64,3,191.000,197.000,200.000
EP_V064_RR3.mid,EP_V064_RR3.wav,43,G2,64,3,200.000,206.000,209.000
EP_V064_RR3.mid,EP_V064_RR3.wav,44,G#2,64,3,209.000,215.000,218.000
EP_V064_RR3.mid,EP_V064_RR3.wav,45,A2,64,3,218.000,224.000,227.000
EP_V064_RR3.mid,EP_V064_RR3.wav,46,A#2,64,3,227.000,233.000,236.000
EP_V064_RR3.mid,EP_V064_RR3.wav,47,B2,64,3,236.000,242.000,245.000
EP_V064_RR3.mid,EP_V064_RR3.wav,48,C3,64,3,245.000,251.000,254.000
EP_V064_RR3.mid,EP_V064_RR3.wav,49,C#3,64,3,254.000,260.000,263.000
EP_V064_RR3.mid,EP_V064_RR3.wav,50,D3,64,3,263.000,269.000,272.000
EP_V064_RR3.mid,EP_V064_RR3.wav,51,D#3,64,3,272.000,278.000,281.000
EP_V064_RR3.mid,EP_V064_RR3.wav,52,E3,64,3,281.000,287.000,290.000
EP_V064_RR3.mid,EP_V064_RR3.wav,53,F3,64,3,290.000,296.000,299.000
EP_V064_RR3.mid,EP_V064_RR3.wav,54,F#3,64,3,299.000,305.000,308.000
EP_V064_RR3.mid,EP_V064_RR3.wav,55,G3,64,3,308.000,314.000,317.000
EP_V064_RR3.mid,EP_V064_RR3.wav,56,G#3,64,3,317.000,323.000,326.000
EP_V064_RR3.mid,EP_V064_RR3.wav,57,A3,64,3,326.000,332.000,335.000
EP_V064_RR3.mid,EP_V064_RR3.wav,58,A#3,64,3,335.000,341.000,344.000
EP_V064_RR3.mid,EP_V064_RR3.wav,59,B3,64,3,344.000,350.000,353.000
EP_V064_RR3.mid,EP_V064_RR3.wav,60,C4,64,3,353.000,359.000,362.000
EP_V064_RR3.mid,EP_V064_RR3.wav,61,C#4,64,3,362.000,368.000,371.000
EP_V064_RR3.mid,EP_V064_RR3.wav,62,D4,64,3,371.000,377.000,380.000
EP_V064_RR3.mid,EP_V064_RR3.wav,63,D#4,64,3,380.000,386.000,389.000
EP_V064_RR3.mid,EP_V064_RR3.wav,64,E4,64,3,389.000,395.000,398.000
EP_V064_RR3.mid,EP_V064_RR3.wav,65,F4,64,3,398.000,404.000,407.000
EP_V064_RR3.mid,EP_V064_RR3.wav,66,F#4,64,3,407.000,413.000,416.000
EP_V064_RR3.mid,EP_V064_RR3.wav,67,G4,64,3,416.000,422.000,425.000
EP_V064_RR3.mid,EP_V064_RR3.wav,68,G#4,64,3,425.000,431.000,434.000
EP_V064_RR3.mid,EP_V064_RR3.wav,69,A4,64,3,434.000,440.000,443.000
EP_V064_RR3.mid,EP_V064_RR3.wav,70,A#4,64,3,443.000,449.000,452.000
EP_V064_RR3.mid,EP_V064_RR3.wav,71,B4,64,3,452.000,458.000,461.000
EP_V064_RR3.mid,EP_V064_RR3.wav,72,C5,64,3,461.000,467.000,470.000
EP_V064_RR3.mid,EP_V064_RR3.wav,73,C#5,64,3,470.000,476.000,479.000
EP_V064_RR3.mid,EP_V064_RR3.wav,74,D5,64,3,479.000,485.000,488.000
EP_V064_RR3.mid,EP_V064_RR3.wav,75,D#5,64,3,488.000,494.000,497.000
EP_V064_RR3.mid,EP_V064_RR3.wav,76,E5,64,3,497.000,503.000,506.000
EP_V064_RR3.mid,EP_V064_RR3.wav,77,F5,64,3,506.000,512.000,515.000
EP_V064_RR3.mid,EP_V064_RR3.wav,78,F#5,64,3,515.000,521.000,524.000
EP_V064_RR3.mid,EP_V064_RR3.wav,79,G5,64,3,524.000,530.000,533.000
EP_V064_RR3.mid,EP_V064_RR3.wav,80,G#5,64,3,533.000,539.000,542.000
EP_V064_RR3.mid,EP_V064_RR3.wav,81,A5,64,3,542.000,548.000,551.000
EP_V064_RR3.mid,EP_V064_RR3.wav,82,A#5,64,3,551.000,557.000,560.000
EP_V064_RR3.mid,EP_V064_RR3.wav,83,B5,64,3,560.000,566.000,569.000
EP_V064_RR3.mid,EP_V064_RR3.wav,84,C6,64,3,569.000,575.000,578.000
EP_V064_RR3.mid,EP_V064_RR3.wav,85,C#6,64,3,578.000,584.000,587.000
EP_V064_RR3.mid,EP_V064_RR3.wav,86,D6,64,3,587.000,593.000,596.000
EP_V064_RR3.mid,EP_V064_RR3.wav,87,D#6,64,3,596.000,602.000,605.000
EP_V064_RR3.mid,EP_V064_RR3.wav,88,E6,64,3,605.000,611.000,614.000
EP_V064_RR3.mid,EP_V064_RR3.wav,89,F6,64,3,614.000,620.000,623.000
EP_V064_RR3.mid,EP_V064_RR3.wav,90,F#6,64,3,623.000,629.000,632.000
EP_V064_RR3.mid,EP_V064_RR3.wav,91,G6,64,3,632.000,638.000,641.000
EP_V064_RR3.mid,EP_V064_RR3.wav,92,G#6,64,3,641.000,647.000,650.000
EP_V064_RR3.mid,EP_V064_RR3.wav,93,A6,64,3,650.000,656.000,659.000
EP_V064_RR3.mid,EP_V064_RR3.wav,94,A#6,64,3,659.000,665.000,668.000
EP_V064_RR3.mid,EP_V064_RR3.wav,95,B6,64,3,668.000,674.000,677.000
EP_V064_RR3.mid,EP_V064_RR3.wav,96,C7,64,3,677.000,683.000,686.000
EP_V064_RR3.mid,EP_V064_RR3.wav,97,C#7,64,3,686.000,692.000,695.000
EP_V064_RR3.mid,EP_V064_RR3.wav,98,D7,64,3,695.000,701.000,704.000
EP_V064_RR3.mid,EP_V064_RR3.wav,99,D#7,64,3,704.000,710.000,713.000
EP_V064_RR3.mid,EP_V064_RR3.wav,100,E7,64,3,713.000,719.000,722.000
EP_V064_RR3.mid,EP_V064_RR3.wav,101,F7,64,3,722.000,728.000,731.000
EP_V064_RR3.mid,EP_V064_RR3.wav,102,F#7,64,3,731.000,737.000,740.000
EP_V064_RR3.mid,EP_V064_RR3.wav,103,G7,64,3,740.000,746.000,749.000
EP_V064_RR3.mid,EP_V064_RR3.wav,104,G#7,64,3,749.000,755.000,758.000
EP_V064_RR3.mid,EP_V064_RR3.wav,105,A7,64,3,758.000,764.000,767.000
EP_V064_RR3.mid,EP_V064_RR3.wav,106,A#7,64,3,767.000,773.000,776.000
EP_V064_RR3.mid,EP_V064_RR3.wav,107,B7,64,3,776.000,782.000,785.000
EP_V064_RR3.mid,EP_V064_RR3.wav,108,C8,64,3,785.000,791.000,794.000
EP_V080_RR1.mid,EP_V080_RR1.wav,21,A0,80,1,2.000,8.000,11.000
EP_V080_RR1.mid,EP_V080_RR1.wav,22,A#0,80,1,11.000,17.000,20.000
EP_V080_RR1.mid,EP_V080_RR1.wav,23,B0,80,1,20.000,26.000,29.000
EP_V080_RR1.mid,EP_V080_RR1.wav,24,C1,80,1,29.000,35.000,38.000
EP_V080_RR1.mid,EP_V080_RR1.wav,25,C#1,80,1,38.000,44.000,47.000
EP_V080_RR1.mid,EP_V080_RR1.wav,26,D1,80,1,47.000,53.000,56.000
EP_V080_RR1.mid,EP_V080_RR1.wav,27,D#1,80,1,56.000,62.000,65.000
EP_V080_RR1.mid,EP_V080_RR1.wav,28,E1,80,1,65.000,71.000,74.000
EP_V080_RR1.mid,EP_V080_RR1.wav,29,F1,80,1,74.000,80.000,83.000
EP_V080_RR1.mid,EP_V080_RR1.wav,30,F#1,80,1,83.000,89.000,92.000
EP_V080_RR1.mid,EP_V080_RR1.wav,31,G1,80,1,92.000,98.000,101.000
EP_V080_RR1.mid,EP_V080_RR1.wav,32,G#1,80,1,101.000,107.000,110.000
EP_V080_RR1.mid,EP_V080_RR1.wav,33,A1,80,1,110.000,116.000,119.000
EP_V080_RR1.mid,EP_V080_RR1.wav,34,A#1,80,1,119.000,125.000,128.000
EP_V080_RR1.mid,EP_V080_RR1.wav,35,B1,80,1,128.000,134.000,137.000
EP_V080_RR1.mid,EP_V080_RR1.wav,36,C2,80,1,137.000,143.000,146.000
EP_V080_RR1.mid,EP_V080_RR1.wav,37,C#2,80,1,146.000,152.000,155.000
EP_V080_RR1.mid,EP_V080_RR1.wav,38,D2,80,1,155.000,161.000,164.000
EP_V080_RR1.mid,EP_V080_RR1.wav,39,D#2,80,1,164.000,170.000,173.000
EP_V080_RR1.mid,EP_V080_RR1.wav,40,E2,80,1,173.000,179.000,182.000
EP_V080_RR1.mid,EP_V080_RR1.wav,41,F2,80,1,182.000,188.000,191.000
EP_V080_RR1.mid,EP_V080_RR1.wav,42,F#2,80,1,191.000,197.000,200.000
EP_V080_RR1.mid,EP_V080_RR1.wav,43,G2,80,1,200.000,206.000,209.000
EP_V080_RR1.mid,EP_V080_RR1.wav,44,G#2,80,1,209.000,215.000,218.000
EP_V080_RR1.mid,EP_V080_RR1.wav,45,A2,80,1,218.000,224.000,227.000
EP_V080_RR1.mid,EP_V080_RR1.wav,46,A#2,80,1,227.000,233.000,236.000
EP_V080_RR1.mid,EP_V080_RR1.wav,47,B2,80,1,236.000,242.000,245.000
EP_V080_RR1.mid,EP_V080_RR1.wav,48,C3,80,1,245.000,251.000,254.000
EP_V080_RR1.mid,EP_V080_RR1.wav,49,C#3,80,1,254.000,260.000,263.000
EP_V080_RR1.mid,EP_V080_RR1.wav,50,D3,80,1,263.000,269.000,272.000
EP_V080_RR1.mid,EP_V080_RR1.wav,51,D#3,80,1,272.000,278.000,281.000
EP_V080_RR1.mid,EP_V080_RR1.wav,52,E3,80,1,281.000,287.000,290.000
EP_V080_RR1.mid,EP_V080_RR1.wav,53,F3,80,1,290.000,296.000,299.000
EP_V080_RR1.mid,EP_V080_RR1.wav,54,F#3,80,1,299.000,305.000,308.000
EP_V080_RR1.mid,EP_V080_RR1.wav,55,G3,80,1,308.000,314.000,317.000
EP_V080_RR1.mid,EP_V080_RR1.wav,56,G#3,80,1,317.000,323.000,326.000
EP_V080_RR1.mid,EP_V080_RR1.wav,57,A3,80,1,326.000,332.000,335.000
EP_V080_RR1.mid,EP_V080_RR1.wav,58,A#3,80,1,335.000,341.000,344.000
EP_V080_RR1.mid,EP_V080_RR1.wav,59,B3,80,1,344.000,350.000,353.000
EP_V080_RR1.mid,EP_V080_RR1.wav,60,C4,80,1,353.000,359.000,362.000
EP_V080_RR1.mid,EP_V080_RR1.wav,61,C#4,80,1,362.000,368.000,371.000
EP_V080_RR1.mid,EP_V080_RR1.wav,62,D4,80,1,371.000,377.000,380.000
EP_V080_RR1.mid,EP_V080_RR1.wav,63,D#4,80,1,380.000,386.000,389.000
EP_V080_RR1.mid,EP_V080_RR1.wav,64,E4,80,1,389.000,395.000,398.000
EP_V080_RR1.mid,EP_V080_RR1.wav,65,F4,80,1,398.000,404.000,407.000
EP_V080_RR1.mid,EP_V080_RR1.wav,66,F#4,80,1,407.000,413.000,416.000
EP_V080_RR1.mid,EP_V080_RR1.wav,67,G4,80,1,416.000,422.000,425.000
EP_V080_RR1.mid,EP_V080_RR1.wav,68,G#4,80,1,425.000,431.000,434.000
EP_V080_RR1.mid,EP_V080_RR1.wav,69,A4,80,1,434.000,440.000,443.000
EP_V080_RR1.mid,EP_V080_RR1.wav,70,A#4,80,1,443.000,449.000,452.000
EP_V080_RR1.mid,EP_V080_RR1.wav,71,B4,80,1,452.000,458.000,461.000
EP_V080_RR1.mid,EP_V080_RR1.wav,72,C5,80,1,461.000,467.000,470.000
EP_V080_RR1.mid,EP_V080_RR1.wav,73,C#5,80,1,470.000,476.000,479.000
EP_V080_RR1.mid,EP_V080_RR1.wav,74,D5,80,1,479.000,485.000,488.000
EP_V080_RR1.mid,EP_V080_RR1.wav,75,D#5,80,1,488.000,494.000,497.000
EP_V080_RR1.mid,EP_V080_RR1.wav,76,E5,80,1,497.000,503.000,506.000
EP_V080_RR1.mid,EP_V080_RR1.wav,77,F5,80,1,506.000,512.000,515.000
EP_V080_RR1.mid,EP_V080_RR1.wav,78,F#5,80,1,515.000,521.000,524.000
EP_V080_RR1.mid,EP_V080_RR1.wav,79,G5,80,1,524.000,530.000,533.000
EP_V080_RR1.mid,EP_V080_RR1.wav,80,G#5,80,1,533.000,539.000,542.000
EP_V080_RR1.mid,EP_V080_RR1.wav,81,A5,80,1,542.000,548.000,551.000
EP_V080_RR1.mid,EP_V080_RR1.wav,82,A#5,80,1,551.000,557.000,560.000
EP_V080_RR1.mid,EP_V080_RR1.wav,83,B5,80,1,560.000,566.000,569.000
EP_V080_RR1.mid,EP_V080_RR1.wav,84,C6,80,1,569.000,575.000,578.000
EP_V080_RR1.mid,EP_V080_RR1.wav,85,C#6,80,1,578.000,584.000,587.000
EP_V080_RR1.mid,EP_V080_RR1.wav,86,D6,80,1,587.000,593.000,596.000
EP_V080_RR1.mid,EP_V080_RR1.wav,87,D#6,80,1,596.000,602.000,605.000
EP_V080_RR1.mid,EP_V080_RR1.wav,88,E6,80,1,605.000,611.000,614.000
EP_V080_RR1.mid,EP_V080_RR1.wav,89,F6,80,1,614.000,620.000,623.000
EP_V080_RR1.mid,EP_V080_RR1.wav,90,F#6,80,1,623.000,629.000,632.000
EP_V080_RR1.mid,EP_V080_RR1.wav,91,G6,80,1,632.000,638.000,641.000
EP_V080_RR1.mid,EP_V080_RR1.wav,92,G#6,80,1,641.000,647.000,650.000
EP_V080_RR1.mid,EP_V080_RR1.wav,93,A6,80,1,650.000,656.000,659.000
EP_V080_RR1.mid,EP_V080_RR1.wav,94,A#6,80,1,659.000,665.000,668.000
EP_V080_RR1.mid,EP_V080_RR1.wav,95,B6,80,1,668.000,674.000,677.000
EP_V080_RR1.mid,EP_V080_RR1.wav,96,C7,80,1,677.000,683.000,686.000
EP_V080_RR1.mid,EP_V080_RR1.wav,97,C#7,80,1,686.000,692.000,695.000
EP_V080_RR1.mid,EP_V080_RR1.wav,98,D7,80,1,695.000,701.000,704.000
EP_V080_RR1.mid,EP_V080_RR1.wav,99,D#7,80,1,704.000,710.000,713.000
EP_V080_RR1.mid,EP_V080_RR1.wav,100,E7,80,1,713.000,719.000,722.000
EP_V080_RR1.mid,EP_V080_RR1.wav,101,F7,80,1,722.000,728.000,731.000
EP_V080_RR1.mid,EP_V080_RR1.wav,102,F#7,80,1,731.000,737.000,740.000
EP_V080_RR1.mid,EP_V080_RR1.wav,103,G7,80,1,740.000,746.000,749.000
EP_V080_RR1.mid,EP_V080_RR1.wav,104,G#7,80,1,749.000,755.000,758.000
EP_V080_RR1.mid,EP_V080_RR1.wav,105,A7,80,1,758.000,764.000,767.000
EP_V080_RR1.mid,EP_V080_RR1.wav,106,A#7,80,1,767.000,773.000,776.000
EP_V080_RR1.mid,EP_V080_RR1.wav,107,B7,80,1,776.000,782.000,785.000
EP_V080_RR1.mid,EP_V080_RR1.wav,108,C8,80,1,785.000,791.000,794.000
EP_V080_RR2.mid,EP_V080_RR2.wav,21,A0,80,2,2.000,8.000,11.000
EP_V080_RR2.mid,EP_V080_RR2.wav,22,A#0,80,2,11.000,17.000,20.000
EP_V080_RR2.mid,EP_V080_RR2.wav,23,B0,80,2,20.000,26.000,29.000
EP_V080_RR2.mid,EP_V080_RR2.wav,24,C1,80,2,29.000,35.000,38.000
EP_V080_RR2.mid,EP_V080_RR2.wav,25,C#1,80,2,38.000,44.000,47.000
EP_V080_RR2.mid,EP_V080_RR2.wav,26,D1,80,2,47.000,53.000,56.000
EP_V080_RR2.mid,EP_V080_RR2.wav,27,D#1,80,2,56.000,62.000,65.000
EP_V080_RR2.mid,EP_V080_RR2.wav,28,E1,80,2,65.000,71.000,74.000
EP_V080_RR2.mid,EP_V080_RR2.wav,29,F1,80,2,74.000,80.000,83.000
EP_V080_RR2.mid,EP_V080_RR2.wav,30,F#1,80,2,83.000,89.000,92.000
EP_V080_RR2.mid,EP_V080_RR2.wav,31,G1,80,2,92.000,98.000,101.000
EP_V080_RR2.mid,EP_V080_RR2.wav,32,G#1,80,2,101.000,107.000,110.000
EP_V080_RR2.mid,EP_V080_RR2.wav,33,A1,80,2,110.000,116.000,119.000
EP_V080_RR2.mid,EP_V080_RR2.wav,34,A#1,80,2,119.000,125.000,128.000
EP_V080_RR2.mid,EP_V080_RR2.wav,35,B1,80,2,128.000,134.000,137.000
EP_V080_RR2.mid,EP_V080_RR2.wav,36,C2,80,2,137.000,143.000,146.000
EP_V080_RR2.mid,EP_V080_RR2.wav,37,C#2,80,2,146.000,152.000,155.000
EP_V080_RR2.mid,EP_V080_RR2.wav,38,D2,80,2,155.000,161.000,164.000
EP_V080_RR2.mid,EP_V080_RR2.wav,39,D#2,80,2,164.000,170.000,173.000
EP_V080_RR2.mid,EP_V080_RR2.wav,40,E2,80,2,173.000,179.000,182.000
EP_V080_RR2.mid,EP_V080_RR2.wav,41,F2,80,2,182.000,188.000,191.000
EP_V080_RR2.mid,EP_V080_RR2.wav,42,F#2,80,2,191.000,197.000,200.000
EP_V080_RR2.mid,EP_V080_RR2.wav,43,G2,80,2,200.000,206.000,209.000
EP_V080_RR2.mid,EP_V080_RR2.wav,44,G#2,80,2,209.000,215.000,218.000
EP_V080_RR2.mid,EP_V080_RR2.wav,45,A2,80,2,218.000,224.000,227.000
EP_V080_RR2.mid,EP_V080_RR2.wav,46,A#2,80,2,227.000,233.000,236.000
EP_V080_RR2.mid,EP_V080_RR2.wav,47,B2,80,2,236.000,242.000,245.000
EP_V080_RR2.mid,EP_V080_RR2.wav,48,C3,80,2,245.000,251.000,254.000
EP_V080_RR2.mid,EP_V080_RR2.wav,49,C#3,80,2,254.000,260.000,263.000
EP_V080_RR2.mid,EP_V080_RR2.wav,50,D3,80,2,263.000,269.000,272.000
EP_V080_RR2.mid,EP_V080_RR2.wav,51,D#3,80,2,272.000,278.000,281.000
EP_V080_RR2.mid,EP_V080_RR2.wav,52,E3,80,2,281.000,287.000,290.000
EP_V080_RR2.mid,EP_V080_RR2.wav,53,F3,80,2,290.000,296.000,299.000
EP_V080_RR2.mid,EP_V080_RR2.wav,54,F#3,80,2,299.000,305.000,308.000
EP_V080_RR2.mid,EP_V080_RR2.wav,55,G3,80,2,308.000,314.000,317.000
EP_V080_RR2.mid,EP_V080_RR2.wav,56,G#3,80,2,317.000,323.000,326.000
EP_V080_RR2.mid,EP_V080_RR2.wav,57,A3,80,2,326.000,332.000,335.000
EP_V080_RR2.mid,EP_V080_RR2.wav,58,A#3,80,2,335.000,341.000,344.000
EP_V080_RR2.mid,EP_V080_RR2.wav,59,B3,80,2,344.000,350.000,353.000
EP_V080_RR2.mid,EP_V080_RR2.wav,60,C4,80,2,353.000,359.000,362.000
EP_V080_RR2.mid,EP_V080_RR2.wav,61,C#4,80,2,362.000,368.000,371.000
EP_V080_RR2.mid,EP_V080_RR2.wav,62,D4,80,2,371.000,377.000,380.000
EP_V080_RR2.mid,EP_V080_RR2.wav,63,D#4,80,2,380.000,386.000,389.000
EP_V080_RR2.mid,EP_V080_RR2.wav,64,E4,80,2,389.000,395.000,398.000
EP_V080_RR2.mid,EP_V080_RR2.wav,65,F4,80,2,398.000,404.000,407.000
EP_V080_RR2.mid,EP_V080_RR2.wav,66,F#4,80,2,407.000,413.000,416.000
EP_V080_RR2.mid,EP_V080_RR2.wav,67,G4,80,2,416.000,422.000,425.000
EP_V080_RR2.mid,EP_V080_RR2.wav,68,G#4,80,2,425.000,431.000,434.000
EP_V080_RR2.mid,EP_V080_RR2.wav,69,A4,80,2,434.000,440.000,443.000
EP_V080_RR2.mid,EP_V080_RR2.wav,70,A#4,80,2,443.000,449.000,452.000
EP_V080_RR2.mid,EP_V080_RR2.wav,71,B4,80,2,452.000,458.000,461.000
EP_V080_RR2.mid,EP_V080_RR2.wav,72,C5,80,2,461.000,467.000,470.000
EP_V080_RR2.mid,EP_V080_RR2.wav,73,C#5,80,2,470.000,476.000,479.000
EP_V080_RR2.mid,EP_V080_RR2.wav,74,D5,80,2,479.000,485.000,488.000
EP_V080_RR2.mid,EP_V080_RR2.wav,75,D#5,80,2,488.000,494.000,497.000
EP_V080_RR2.mid,EP_V080_RR2.wav,76,E5,80,2,497.000,503.000,506.000
EP_V080_RR2.mid,EP_V080_RR2.wav,77,F5,80,2,506.000,512.000,515.000
EP_V080_RR2.mid,EP_V080_RR2.wav,78,F#5,80,2,515.000,521.000,524.000
EP_V080_RR2.mid,EP_V080_RR2.wav,79,G5,80,2,524.000,530.000,533.000
EP_V080_RR2.mid,EP_V080_RR2.wav,80,G#5,80,2,533.000,539.000,542.000
EP_V080_RR2.mid,EP_V080_RR2.wav,81,A5,80,2,542.000,548.000,551.000
EP_V080_RR2.mid,EP_V080_RR2.wav,82,A#5,80,2,551.000,557.000,560.000
EP_V080_RR2.mid,EP_V080_RR2.wav,83,B5,80,2,560.000,566.000,569.000
EP_V080_RR2.mid,EP_V080_RR2.wav,84,C6,80,2,569.000,575.000,578.000
EP_V080_RR2.mid,EP_V080_RR2.wav,85,C#6,80,2,578.000,584.000,587.000
EP_V080_RR2.mid,EP_V080_RR2.wav,86,D6,80,2,587.000,593.000,596.000
EP_V080_RR2.mid,EP_V080_RR2.wav,87,D#6,80,2,596.000,602.000,605.000
EP_V080_RR2.mid,EP_V080_RR2.wav,88,E6,80,2,605.000,611.000,614.000
EP_V080_RR2.mid,EP_V080_RR2.wav,89,F6,80,2,614.000,620.000,623.000
EP_V080_RR2.mid,EP_V080_RR2.wav,90,F#6,80,2,623.000,629.000,632.000
EP_V080_RR2.mid,EP_V080_RR2.wav,91,G6,80,2,632.000,638.000,641.000
EP_V080_RR2.mid,EP_V080_RR2.wav,92,G#6,80,2,641.000,647.000,650.000
EP_V080_RR2.mid,EP_V080_RR2.wav,93,A6,80,2,650.000,656.000,659.000
EP_V080_RR2.mid,EP_V080_RR2.wav,94,A#6,80,2,659.000,665.000,668.000
EP_V080_RR2.mid,EP_V080_RR2.wav,95,B6,80,2,668.000,674.000,677.000
EP_V080_RR2.mid,EP_V080_RR2.wav,96,C7,80,2,677.000,683.000,686.000
EP_V080_RR2.mid,EP_V080_RR2.wav,97,C#7,80,2,686.000,692.000,695.000
EP_V080_RR2.mid,EP_V080_RR2.wav,98,D7,80,2,695.000,701.000,704.000
EP_V080_RR2.mid,EP_V080_RR2.wav,99,D#7,80,2,704.000,710.000,713.000
EP_V080_RR2.mid,EP_V080_RR2.wav,100,E7,80,2,713.000,719.000,722.000
EP_V080_RR2.mid,EP_V080_RR2.wav,101,F7,80,2,722.000,728.000,731.000
EP_V080_RR2.mid,EP_V080_RR2.wav,102,F#7,80,2,731.000,737.000,740.000
EP_V080_RR2.mid,EP_V080_RR2.wav,103,G7,80,2,740.000,746.000,749.000
EP_V080_RR2.mid,EP_V080_RR2.wav,104,G#7,80,2,749.000,755.000,758.000
EP_V080_RR2.mid,EP_V080_RR2.wav,105,A7,80,2,758.000,764.000,767.000
EP_V080_RR2.mid,EP_V080_RR2.wav,106,A#7,80,2,767.000,773.000,776.000
EP_V080_RR2.mid,EP_V080_RR2.wav,107,B7,80,2,776.000,782.000,785.000
EP_V080_RR2.mid,EP_V080_RR2.wav,108,C8,80,2,785.000,791.000,794.000
EP_V080_RR3.mid,EP_V080_RR3.wav,21,A0,80,3,2.000,8.000,11.000
EP_V080_RR3.mid,EP_V080_RR3.wav,22,A#0,80,3,11.000,17.000,20.000
EP_V080_RR3.mid,EP_V080_RR3.wav,23,B0,80,3,20.000,26.000,29.000
EP_V080_RR3.mid,EP_V080_RR3.wav,24,C1,80,3,29.000,35.000,38.000
EP_V080_RR3.mid,EP_V080_RR3.wav,25,C#1,80,3,38.000,44.000,47.000
EP_V080_RR3.mid,EP_V080_RR3.wav,26,D1,80,3,47.000,53.000,56.000
EP_V080_RR3.mid,EP_V080_RR3.wav,27,D#1,80,3,56.000,62.000,65.000
EP_V080_RR3.mid,EP_V080_RR3.wav,28,E1,80,3,65.000,71.000,74.000
EP_V080_RR3.mid,EP_V080_RR3.wav,29,F1,80,3,74.000,80.000,83.000
EP_V080_RR3.mid,EP_V080_RR3.wav,30,F#1,80,3,83.000,89.000,92.000
EP_V080_RR3.mid,EP_V080_RR3.wav,31,G1,80,3,92.000,98.000,101.000
EP_V080_RR3.mid,EP_V080_RR3.wav,32,G#1,80,3,101.000,107.000,110.000
EP_V080_RR3.mid,EP_V080_RR3.wav,33,A1,80,3,110.000,116.000,119.000
EP_V080_RR3.mid,EP_V080_RR3.wav,34,A#1,80,3,119.000,125.000,128.000
EP_V080_RR3.mid,EP_V080_RR3.wav,35,B1,80,3,128.000,134.000,137.000
EP_V080_RR3.mid,EP_V080_RR3.wav,36,C2,80,3,137.000,143.000,146.000
EP_V080_RR3.mid,EP_V080_RR3.wav,37,C#2,80,3,146.000,152.000,155.000
EP_V080_RR3.mid,EP_V080_RR3.wav,38,D2,80,3,155.000,161.000,164.000
EP_V080_RR3.mid,EP_V080_RR3.wav,39,D#2,80,3,164.000,170.000,173.000
EP_V080_RR3.mid,EP_V080_RR3.wav,40,E2,80,3,173.000,179.000,182.000
EP_V080_RR3.mid,EP_V080_RR3.wav,41,F2,80,3,182.000,188.000,191.000
EP_V080_RR3.mid,EP_V080_RR3.wav,42,F#2,80,3,191.000,197.000,200.000
EP_V080_RR3.mid,EP_V080_RR3.wav,43,G2,80,3,200.000,206.000,209.000
EP_V080_RR3.mid,EP_V080_RR3.wav,44,G#2,80,3,209.000,215.000,218.000
EP_V080_RR3.mid,EP_V080_RR3.wav,45,A2,80,3,218.000,224.000,227.000
EP_V080_RR3.mid,EP_V080_RR3.wav,46,A#2,80,3,227.000,233.000,236.000
EP_V080_RR3.mid,EP_V080_RR3.wav,47,B2,80,3,236.000,242.000,245.000
EP_V080_RR3.mid,EP_V080_RR3.wav,48,C3,80,3,245.000,251.000,254.000
EP_V080_RR3.mid,EP_V080_RR3.wav,49,C#3,80,3,254.000,260.000,263.000
EP_V080_RR3.mid,EP_V080_RR3.wav,50,D3,80,3,263.000,269.000,272.000
EP_V080_RR3.mid,EP_V080_RR3.wav,51,D#3,80,3,272.000,278.000,281.000
EP_V080_RR3.mid,EP_V080_RR3.wav,52,E3,80,3,281.000,287.000,290.000
EP_V080_RR3.mid,EP_V080_RR3.wav,53,F3,80,3,290.000,296.000,299.000
EP_V080_RR3.mid,EP_V080_RR3.wav,54,F#3,80,3,299.000,305.000,308.000
EP_V080_RR3.mid,EP_V080_RR3.wav,55,G3,80,3,308.000,314.000,317.000
EP_V080_RR3.mid,EP_V080_RR3.wav,56,G#3,80,3,317.000,323.000,326.000
EP_V080_RR3.mid,EP_V080_RR3.wav,57,A3,80,3,326.000,332.000,335.000
EP_V080_RR3.mid,EP_V080_RR3.wav,58,A#3,80,3,335.000,341.000,344.000
EP_V080_RR3.mid,EP_V080_RR3.wav,59,B3,80,3,344.000,350.000,353.000
EP_V080_RR3.mid,EP_V080_RR3.wav,60,C4,80,3,353.000,359.000,362.000
EP_V080_RR3.mid,EP_V080_RR3.wav,61,C#4,80,3,362.000,368.000,371.000
EP_V080_RR3.mid,EP_V080_RR3.wav,62,D4,80,3,371.000,377.000,380.000
EP_V080_RR3.mid,EP_V080_RR3.wav,63,D#4,80,3,380.000,386.000,389.000
EP_V080_RR3.mid,EP_V080_RR3.wav,64,E4,80,3,389.000,395.000,398.000
EP_V080_RR3.mid,EP_V080_RR3.wav,65,F4,80,3,398.000,404.000,407.000
EP_V080_RR3.mid,EP_V080_RR3.wav,66,F#4,80,3,407.000,413.000,416.000
EP_V080_RR3.mid,EP_V080_RR3.wav,67,G4,80,3,416.000,422.000,425.000
EP_V080_RR3.mid,EP_V080_RR3.wav,68,G#4,80,3,425.000,431.000,434.000
EP_V080_RR3.mid,EP_V080_RR3.wav,69,A4,80,3,434.000,440.000,443.000
EP_V080_RR3.mid,EP_V080_RR3.wav,70,A#4,80,3,443.000,449.000,452.000
EP_V080_RR3.mid,EP_V080_RR3.wav,71,B4,80,3,452.000,458.000,461.000
EP_V080_RR3.mid,EP_V080_RR3.wav,72,C5,80,3,461.000,467.000,470.000
EP_V080_RR3.mid,EP_V080_RR3.wav,73,C#5,80,3,470.000,476.000,479.000
EP_V080_RR3.mid,EP_V080_RR3.wav,74,D5,80,3,479.000,485.000,488.000
EP_V080_RR3.mid,EP_V080_RR3.wav,75,D#5,80,3,488.000,494.000,497.000
EP_V080_RR3.mid,EP_V080_RR3.wav,76,E5,80,3,497.000,503.000,506.000
EP_V080_RR3.mid,EP_V080_RR3.wav,77,F5,80,3,506.000,512.000,515.000
EP_V080_RR3.mid,EP_V080_RR3.wav,78,F#5,80,3,515.000,521.000,524.000
EP_V080_RR3.mid,EP_V080_RR3.wav,79,G5,80,3,524.000,530.000,533.000
EP_V080_RR3.mid,EP_V080_RR3.wav,80,G#5,80,3,533.000,539.000,542.000
EP_V080_RR3.mid,EP_V080_RR3.wav,81,A5,80,3,542.000,548.000,551.000
EP_V080_RR3.mid,EP_V080_RR3.wav,82,A#5,80,3,551.000,557.000,560.000
EP_V080_RR3.mid,EP_V080_RR3.wav,83,B5,80,3,560.000,566.000,569.000
EP_V080_RR3.mid,EP_V080_RR3.wav,84,C6,80,3,569.000,575.000,578.000
EP_V080_RR3.mid,EP_V080_RR3.wav,85,C#6,80,3,578.000,584.000,587.000
EP_V080_RR3.mid,EP_V080_RR3.wav,86,D6,80,3,587.000,593.000,596.000
EP_V080_RR3.mid,EP_V080_RR3.wav,87,D#6,80,3,596.000,602.000,605.000
EP_V080_RR3.mid,EP_V080_RR3.wav,88,E6,80,3,605.000,611.000,614.000
EP_V080_RR3.mid,EP_V080_RR3.wav,89,F6,80,3,614.000,620.000,623.000
EP_V080_RR3.mid,EP_V080_RR3.wav,90,F#6,80,3,623.000,629.000,632.000
EP_V080_RR3.mid,EP_V080_RR3.wav,91,G6,80,3,632.000,638.000,641.000
EP_V080_RR3.mid,EP_V080_RR3.wav,92,G#6,80,3,641.000,647.000,650.000
EP_V080_RR3.mid,EP_V080_RR3.wav,93,A6,80,3,650.000,656.000,659.000
EP_V080_RR3.mid,EP_V080_RR3.wav,94,A#6,80,3,659.000,665.000,668.000
EP_V080_RR3.mid,EP_V080_RR3.wav,95,B6,80,3,668.000,674.000,677.000
EP_V080_RR3.mid,EP_V080_RR3.wav,96,C7,80,3,677.000,683.000,686.000
EP_V080_RR3.mid,EP_V080_RR3.wav,97,C#7,80,3,686.000,692.000,695.000
EP_V080_RR3.mid,EP_V080_RR3.wav,98,D7,80,3,695.000,701.000,704.000
EP_V080_RR3.mid,EP_V080_RR3.wav,99,D#7,80,3,704.000,710.000,713.000
EP_V080_RR3.mid,EP_V080_RR3.wav,100,E7,80,3,713.000,719.000,722.000
EP_V080_RR3.mid,EP_V080_RR3.wav,101,F7,80,3,722.000,728.000,731.000
EP_V080_RR3.mid,EP_V080_RR3.wav,102,F#7,80,3,731.000,737.000,740.000
EP_V080_RR3.mid,EP_V080_RR3.wav,103,G7,80,3,740.000,746.000,749.000
EP_V080_RR3.mid,EP_V080_RR3.wav,104,G#7,80,3,749.000,755.000,758.000
EP_V080_RR3.mid,EP_V080_RR3.wav,105,A7,80,3,758.000,764.000,767.000
EP_V080_RR3.mid,EP_V080_RR3.wav,106,A#7,80,3,767.000,773.000,776.000
EP_V080_RR3.mid,EP_V080_RR3.wav,107,B7,80,3,776.000,782.000,785.000
EP_V080_RR3.mid,EP_V080_RR3.wav,108,C8,80,3,785.000,791.000,794.000
EP_V096_RR1.mid,EP_V096_RR1.wav,21,A0,96,1,2.000,8.000,11.000
EP_V096_RR1.mid,EP_V096_RR1.wav,22,A#0,96,1,11.000,17.000,20.000
EP_V096_RR1.mid,EP_V096_RR1.wav,23,B0,96,1,20.000,26.000,29.000
EP_V096_RR1.mid,EP_V096_RR1.wav,24,C1,96,1,29.000,35.000,38.000
EP_V096_RR1.mid,EP_V096_RR1.wav,25,C#1,96,1,38.000,44.000,47.000
EP_V096_RR1.mid,EP_V096_RR1.wav,26,D1,96,1,47.000,53.000,56.000
EP_V096_RR1.mid,EP_V096_RR1.wav,27,D#1,96,1,56.000,62.000,65.000
EP_V096_RR1.mid,EP_V096_RR1.wav,28,E1,96,1,65.000,71.000,74.000
EP_V096_RR1.mid,EP_V096_RR1.wav,29,F1,96,1,74.000,80.000,83.000
EP_V096_RR1.mid,EP_V096_RR1.wav,30,F#1,96,1,83.000,89.000,92.000
EP_V096_RR1.mid,EP_V096_RR1.wav,31,G1,96,1,92.000,98.000,101.000
EP_V096_RR1.mid,EP_V096_RR1.wav,32,G#1,96,1,101.000,107.000,110.000
EP_V096_RR1.mid,EP_V096_RR1.wav,33,A1,96,1,110.000,116.000,119.000
EP_V096_RR1.mid,EP_V096_RR1.wav,34,A#1,96,1,119.000,125.000,128.000
EP_V096_RR1.mid,EP_V096_RR1.wav,35,B1,96,1,128.000,134.000,137.000
EP_V096_RR1.mid,EP_V096_RR1.wav,36,C2,96,1,137.000,143.000,146.000
EP_V096_RR1.mid,EP_V096_RR1.wav,37,C#2,96,1,146.000,152.000,155.000
EP_V096_RR1.mid,EP_V096_RR1.wav,38,D2,96,1,155.000,161.000,164.000
EP_V096_RR1.mid,EP_V096_RR1.wav,39,D#2,96,1,164.000,170.000,173.000
EP_V096_RR1.mid,EP_V096_RR1.wav,40,E2,96,1,173.000,179.000,182.000
EP_V096_RR1.mid,EP_V096_RR1.wav,41,F2,96,1,182.000,188.000,191.000
EP_V096_RR1.mid,EP_V096_RR1.wav,42,F#2,96,1,191.000,197.000,200.000
EP_V096_RR1.mid,EP_V096_RR1.wav,43,G2,96,1,200.000,206.000,209.000
EP_V096_RR1.mid,EP_V096_RR1.wav,44,G#2,96,1,209.000,215.000,218.000
EP_V096_RR1.mid,EP_V096_RR1.wav,45,A2,96,1,218.000,224.000,227.000
EP_V096_RR1.mid,EP_V096_RR1.wav,46,A#2,96,1,227.000,233.000,236.000
EP_V096_RR1.mid,EP_V096_RR1.wav,47,B2,96,1,236.000,242.000,245.000
EP_V096_RR1.mid,EP_V096_RR1.wav,48,C3,96,1,245.000,251.000,254.000
EP_V096_RR1.mid,EP_V096_RR1.wav,49,C#3,96,1,254.000,260.000,263.000
EP_V096_RR1.mid,EP_V096_RR1.wav,50,D3,96,1,263.000,269.000,272.000
EP_V096_RR1.mid,EP_V096_RR1.wav,51,D#3,96,1,272.000,278.000,281.000
EP_V096_RR1.mid,EP_V096_RR1.wav,52,E3,96,1,281.000,287.000,290.000
EP_V096_RR1.mid,EP_V096_RR1.wav,53,F3,96,1,290.000,296.000,299.000
EP_V096_RR1.mid,EP_V096_RR1.wav,54,F#3,96,1,299.000,305.000,308.000
EP_V096_RR1.mid,EP_V096_RR1.wav,55,G3,96,1,308.000,314.000,317.000
EP_V096_RR1.mid,EP_V096_RR1.wav,56,G#3,96,1,317.000,323.000,326.000
EP_V096_RR1.mid,EP_V096_RR1.wav,57,A3,96,1,326.000,332.000,335.000
EP_V096_RR1.mid,EP_V096_RR1.wav,58,A#3,96,1,335.000,341.000,344.000
EP_V096_RR1.mid,EP_V096_RR1.wav,59,B3,96,1,344.000,350.000,353.000
EP_V096_RR1.mid,EP_V096_RR1.wav,60,C4,96,1,353.000,359.000,362.000
EP_V096_RR1.mid,EP_V096_RR1.wav,61,C#4,96,1,362.000,368.000,371.000
EP_V096_RR1.mid,EP_V096_RR1.wav,62,D4,96,1,371.000,377.000,380.000
EP_V096_RR1.mid,EP_V096_RR1.wav,63,D#4,96,1,380.000,386.000,389.000
EP_V096_RR1.mid,EP_V096_RR1.wav,64,E4,96,1,389.000,395.000,398.000
EP_V096_RR1.mid,EP_V096_RR1.wav,65,F4,96,1,398.000,404.000,407.000
EP_V096_RR1.mid,EP_V096_RR1.wav,66,F#4,96,1,407.000,413.000,416.000
EP_V096_RR1.mid,EP_V096_RR1.wav,67,G4,96,1,416.000,422.000,425.000
EP_V096_RR1.mid,EP_V096_RR1.wav,68,G#4,96,1,425.000,431.000,434.000
EP_V096_RR1.mid,EP_V096_RR1.wav,69,A4,96,1,434.000,440.000,443.000
EP_V096_RR1.mid,EP_V096_RR1.wav,70,A#4,96,1,443.000,449.000,452.000
EP_V096_RR1.mid,EP_V096_RR1.wav,71,B4,96,1,452.000,458.000,461.000
EP_V096_RR1.mid,EP_V096_RR1.wav,72,C5,96,1,461.000,467.000,470.000
EP_V096_RR1.mid,EP_V096_RR1.wav,73,C#5,96,1,470.000,476.000,479.000
EP_V096_RR1.mid,EP_V096_RR1.wav,74,D5,96,1,479.000,485.000,488.000
EP_V096_RR1.mid,EP_V096_RR1.wav,75,D#5,96,1,488.000,494.000,497.000
EP_V096_RR1.mid,EP_V096_RR1.wav,76,E5,96,1,497.000,503.000,506.000
EP_V096_RR1.mid,EP_V096_RR1.wav,77,F5,96,1,506.000,512.000,515.000
EP_V096_RR1.mid,EP_V096_RR1.wav,78,F#5,96,1,515.000,521.000,524.000
EP_V096_RR1.mid,EP_V096_RR1.wav,79,G5,96,1,524.000,530.000,533.000
EP_V096_RR1.mid,EP_V096_RR1.wav,80,G#5,96,1,533.000,539.000,542.000
EP_V096_RR1.mid,EP_V096_RR1.wav,81,A5,96,1,542.000,548.000,551.000
EP_V096_RR1.mid,EP_V096_RR1.wav,82,A#5,96,1,551.000,557.000,560.000
EP_V096_RR1.mid,EP_V096_RR1.wav,83,B5,96,1,560.000,566.000,569.000
EP_V096_RR1.mid,EP_V096_RR1.wav,84,C6,96,1,569.000,575.000,578.000
EP_V096_RR1.mid,EP_V096_RR1.wav,85,C#6,96,1,578.000,584.000,587.000
EP_V096_RR1.mid,EP_V096_RR1.wav,86,D6,96,1,587.000,593.000,596.000
EP_V096_RR1.mid,EP_V096_RR1.wav,87,D#6,96,1,596.000,602.000,605.000
EP_V096_RR1.mid,EP_V096_RR1.wav,88,E6,96,1,605.000,611.000,614.000
EP_V096_RR1.mid,EP_V096_RR1.wav,89,F6,96,1,614.000,620.000,623.000
EP_V096_RR1.mid,EP_V096_RR1.wav,90,F#6,96,1,623.000,629.000,632.000
EP_V096_RR1.mid,EP_V096_RR1.wav,91,G6,96,1,632.000,638.000,641.000
EP_V096_RR1.mid,EP_V096_RR1.wav,92,G#6,96,1,641.000,647.000,650.000
EP_V096_RR1.mid,EP_V096_RR1.wav,93,A6,96,1,650.000,656.000,659.000
EP_V096_RR1.mid,EP_V096_RR1.wav,94,A#6,96,1,659.000,665.000,668.000
EP_V096_RR1.mid,EP_V096_RR1.wav,95,B6,96,1,668.000,674.000,677.000
EP_V096_RR1.mid,EP_V096_RR1.wav,96,C7,96,1,677.000,683.000,686.000
EP_V096_RR1.mid,EP_V096_RR1.wav,97,C#7,96,1,686.000,692.000,695.000
EP_V096_RR1.mid,EP_V096_RR1.wav,98,D7,96,1,695.000,701.000,704.000
EP_V096_RR1.mid,EP_V096_RR1.wav,99,D#7,96,1,704.000,710.000,713.000
EP_V096_RR1.mid,EP_V096_RR1.wav,100,E7,96,1,713.000,719.000,722.000
EP_V096_RR1.mid,EP_V096_RR1.wav,101,F7,96,1,722.000,728.000,731.000
EP_V096_RR1.mid,EP_V096_RR1.wav,102,F#7,96,1,731.000,737.000,740.000
EP_V096_RR1.mid,EP_V096_RR1.wav,103,G7,96,1,740.000,746.000,749.000
EP_V096_RR1.mid,EP_V096_RR1.wav,104,G#7,96,1,749.000,755.000,758.000
EP_V096_RR1.mid,EP_V096_RR1.wav,105,A7,96,1,758.000,764.000,767.000
EP_V096_RR1.mid,EP_V096_RR1.wav,106,A#7,96,1,767.000,773.000,776.000
EP_V096_RR1.mid,EP_V096_RR1.wav,107,B7,96,1,776.000,782.000,785.000
EP_V096_RR1.mid,EP_V096_RR1.wav,108,C8,96,1,785.000,791.000,794.000
EP_V096_RR2.mid,EP_V096_RR2.wav,21,A0,96,2,2.000,8.000,11.000
EP_V096_RR2.mid,EP_V096_RR2.wav,22,A#0,96,2,11.000,17.000,20.000
EP_V096_RR2.mid,EP_V096_RR2.wav,23,B0,96,2,20.000,26.000,29.000
EP_V096_RR2.mid,EP_V096_RR2.wav,24,C1,96,2,29.000,35.000,38.000
EP_V096_RR2.mid,EP_V096_RR2.wav,25,C#1,96,2,38.000,44.000,47.000
EP_V096_RR2.mid,EP_V096_RR2.wav,26,D1,96,2,47.000,53.000,56.000
EP_V096_RR2.mid,EP_V096_RR2.wav,27,D#1,96,2,56.000,62.000,65.000
EP_V096_RR2.mid,EP_V096_RR2.wav,28,E1,96,2,65.000,71.000,74.000
EP_V096_RR2.mid,EP_V096_RR2.wav,29,F1,96,2,74.000,80.000,83.000
EP_V096_RR2.mid,EP_V096_RR2.wav,30,F#1,96,2,83.000,89.000,92.000
EP_V096_RR2.mid,EP_V096_RR2.wav,31,G1,96,2,92.000,98.000,101.000
EP_V096_RR2.mid,EP_V096_RR2.wav,32,G#1,96,2,101.000,107.000,110.000
EP_V096_RR2.mid,EP_V096_RR2.wav,33,A1,96,2,110.000,116.000,119.000
EP_V096_RR2.mid,EP_V096_RR2.wav,34,A#1,96,2,119.000,125.000,128.000
EP_V096_RR2.mid,EP_V096_RR2.wav,35,B1,96,2,128.000,134.000,137.000
EP_V096_RR2.mid,EP_V096_RR2.wav,36,C2,96,2,137.000,143.000,146.000
EP_V096_RR2.mid,EP_V096_RR2.wav,37,C#2,96,2,146.000,152.000,155.000
EP_V096_RR2.mid,EP_V096_RR2.wav,38,D2,96,2,155.000,161.000,164.000
EP_V096_RR2.mid,EP_V096_RR2.wav,39,D#2,96,2,164.000,170.000,173.000
EP_V096_RR2.mid,EP_V096_RR2.wav,40,E2,96,2,173.000,179.000,182.000
EP_V096_RR2.mid,EP_V096_RR2.wav,41,F2,96,2,182.000,188.000,191.000
EP_V096_RR2.mid,EP_V096_RR2.wav,42,F#2,96,2,191.000,197.000,200.000
EP_V096_RR2.mid,EP_V096_RR2.wav,43,G2,96,2,200.000,206.000,209.000
EP_V096_RR2.mid,EP_V096_RR2.wav,44,G#2,96,2,209.000,215.000,218.000
EP_V096_RR2.mid,EP_V096_RR2.wav,45,A2,96,2,218.000,224.000,227.000
EP_V096_RR2.mid,EP_V096_RR2.wav,46,A#2,96,2,227.000,233.000,236.000
EP_V096_RR2.mid,EP_V096_RR2.wav,47,B2,96,2,236.000,242.000,245.000
EP_V096_RR2.mid,EP_V096_RR2.wav,48,C3,96,2,245.000,251.000,254.000
EP_V096_RR2.mid,EP_V096_RR2.wav,49,C#3,96,2,254.000,260.000,263.000
EP_V096_RR2.mid,EP_V096_RR2.wav,50,D3,96,2,263.000,269.000,272.000
EP_V096_RR2.mid,EP_V096_RR2.wav,51,D#3,96,2,272.000,278.000,281.000
EP_V096_RR2.mid,EP_V096_RR2.wav,52,E3,96,2,281.000,287.000,290.000
EP_V096_RR2.mid,EP_V096_RR2.wav,53,F3,96,2,290.000,296.000,299.000
EP_V096_RR2.mid,EP_V096_RR2.wav,54,F#3,96,2,299.000,305.000,308.000
EP_V096_RR2.mid,EP_V096_RR2.wav,55,G3,96,2,308.000,314.000,317.000
EP_V096_RR2.mid,EP_V096_RR2.wav,56,G#3,96,2,317.000,323.000,326.000
EP_V096_RR2.mid,EP_V096_RR2.wav,57,A3,96,2,326.000,332.000,335.000
EP_V096_RR2.mid,EP_V096_RR2.wav,58,A#3,96,2,335.000,341.000,344.000
EP_V096_RR2.mid,EP_V096_RR2.wav,59,B3,96,2,344.000,350.000,353.000
EP_V096_RR2.mid,EP_V096_RR2.wav,60,C4,96,2,353.000,359.000,362.000
EP_V096_RR2.mid,EP_V096_RR2.wav,61,C#4,96,2,362.000,368.000,371.000
EP_V096_RR2.mid,EP_V096_RR2.wav,62,D4,96,2,371.000,377.000,380.000
EP_V096_RR2.mid,EP_V096_RR2.wav,63,D#4,96,2,380.000,386.000,389.000
EP_V096_RR2.mid,EP_V096_RR2.wav,64,E4,96,2,389.000,395.000,398.000
EP_V096_RR2.mid,EP_V096_RR2.wav,65,F4,96,2,398.000,404.000,407.000
EP_V096_RR2.mid,EP_V096_RR2.wav,66,F#4,96,2,407.000,413.000,416.000
EP_V096_RR2.mid,EP_V096_RR2.wav,67,G4,96,2,416.000,422.000,425.000
EP_V096_RR2.mid,EP_V096_RR2.wav,68,G#4,96,2,425.000,431.000,434.000
EP_V096_RR2.mid,EP_V096_RR2.wav,69,A4,96,2,434.000,440.000,443.000
EP_V096_RR2.mid,EP_V096_RR2.wav,70,A#4,96,2,443.000,449.000,452.000
EP_V096_RR2.mid,EP_V096_RR2.wav,71,B4,96,2,452.000,458.000,461.000
EP_V096_RR2.mid,EP_V096_RR2.wav,72,C5,96,2,461.000,467.000,470.000
EP_V096_RR2.mid,EP_V096_RR2.wav,73,C#5,96,2,470.000,476.000,479.000
EP_V096_RR2.mid,EP_V096_RR2.wav,74,D5,96,2,479.000,485.000,488.000
EP_V096_RR2.mid,EP_V096_RR2.wav,75,D#5,96,2,488.000,494.000,497.000
EP_V096_RR2.mid,EP_V096_RR2.wav,76,E5,96,2,497.000,503.000,506.000
EP_V096_RR2.mid,EP_V096_RR2.wav,77,F5,96,2,506.000,512.000,515.000
EP_V096_RR2.mid,EP_V096_RR2.wav,78,F#5,96,2,515.000,521.000,524.000
EP_V096_RR2.mid,EP_V096_RR2.wav,79,G5,96,2,524.000,530.000,533.000
EP_V096_RR2.mid,EP_V096_RR2.wav,80,G#5,96,2,533.000,539.000,542.000
EP_V096_RR2.mid,EP_V096_RR2.wav,81,A5,96,2,542.000,548.000,551.000
EP_V096_RR2.mid,EP_V096_RR2.wav,82,A#5,96,2,551.000,557.000,560.000
EP_V096_RR2.mid,EP_V096_RR2.wav,83,B5,96,2,560.000,566.000,569.000
EP_V096_RR2.mid,EP_V096_RR2.wav,84,C6,96,2,569.000,575.000,578.000
EP_V096_RR2.mid,EP_V096_RR2.wav,85,C#6,96,2,578.000,584.000,587.000
EP_V096_RR2.mid,EP_V096_RR2.wav,86,D6,96,2,587.000,593.000,596.000
EP_V096_RR2.mid,EP_V096_RR2.wav,87,D#6,96,2,596.000,602.000,605.000
EP_V096_RR2.mid,EP_V096_RR2.wav,88,E6,96,2,605.000,611.000,614.000
EP_V096_RR2.mid,EP_V096_RR2.wav,89,F6,96,2,614.000,620.000,623.000
EP_V096_RR2.mid,EP_V096_RR2.wav,90,F#6,96,2,623.000,629.000,632.000
EP_V096_RR2.mid,EP_V096_RR2.wav,91,G6,96,2,632.000,638.000,641.000
EP_V096_RR2.mid,EP_V096_RR2.wav,92,G#6,96,2,641.000,647.000,650.000
EP_V096_RR2.mid,EP_V096_RR2.wav,93,A6,96,2,650.000,656.000,659.000
EP_V096_RR2.mid,EP_V096_RR2.wav,94,A#6,96,2,659.000,665.000,668.000
EP_V096_RR2.mid,EP_V096_RR2.wav,95,B6,96,2,668.000,674.000,677.000
EP_V096_RR2.mid,EP_V096_RR2.wav,96,C7,96,2,677.000,683.000,686.000
EP_V096_RR2.mid,EP_V096_RR2.wav,97,C#7,96,2,686.000,692.000,695.000
EP_V096_RR2.mid,EP_V096_RR2.wav,98,D7,96,2,695.000,701.000,704.000
EP_V096_RR2.mid,EP_V096_RR2.wav,99,D#7,96,2,704.000,710.000,713.000
EP_V096_RR2.mid,EP_V096_RR2.wav,100,E7,96,2,713.000,719.000,722.000
EP_V096_RR2.mid,EP_V096_RR2.wav,101,F7,96,2,722.000,728.000,731.000
EP_V096_RR2.mid,EP_V096_RR2.wav,102,F#7,96,2,731.000,737.000,740.000
EP_V096_RR2.mid,EP_V096_RR2.wav,103,G7,96,2,740.000,746.000,749.000
EP_V096_RR2.mid,EP_V096_RR2.wav,104,G#7,96,2,749.000,755.000,758.000
EP_V096_RR2.mid,EP_V096_RR2.wav,105,A7,96,2,758.000,764.000,767.000
EP_V096_RR2.mid,EP_V096_RR2.wav,106,A#7,96,2,767.000,773.000,776.000
EP_V096_RR2.mid,EP_V096_RR2.wav,107,B7,96,2,776.000,782.000,785.000
EP_V096_RR2.mid,EP_V096_RR2.wav,108,C8,96,2,785.000,791.000,794.000
EP_V096_RR3.mid,EP_V096_RR3.wav,21,A0,96,3,2.000,8.000,11.000
EP_V096_RR3.mid,EP_V096_RR3.wav,22,A#0,96,3,11.000,17.000,20.000
EP_V096_RR3.mid,EP_V096_RR3.wav,23,B0,96,3,20.000,26.000,29.000
EP_V096_RR3.mid,EP_V096_RR3.wav,24,C1,96,3,29.000,35.000,38.000
EP_V096_RR3.mid,EP_V096_RR3.wav,25,C#1,96,3,38.000,44.000,47.000
EP_V096_RR3.mid,EP_V096_RR3.wav,26,D1,96,3,47.000,53.000,56.000
EP_V096_RR3.mid,EP_V096_RR3.wav,27,D#1,96,3,56.000,62.000,65.000
EP_V096_RR3.mid,EP_V096_RR3.wav,28,E1,96,3,65.000,71.000,74.000
EP_V096_RR3.mid,EP_V096_RR3.wav,29,F1,96,3,74.000,80.000,83.000
EP_V096_RR3.mid,EP_V096_RR3.wav,30,F#1,96,3,83.000,89.000,92.000
EP_V096_RR3.mid,EP_V096_RR3.wav,31,G1,96,3,92.000,98.000,101.000
EP_V096_RR3.mid,EP_V096_RR3.wav,32,G#1,96,3,101.000,107.000,110.000
EP_V096_RR3.mid,EP_V096_RR3.wav,33,A1,96,3,110.000,116.000,119.000
EP_V096_RR3.mid,EP_V096_RR3.wav,34,A#1,96,3,119.000,125.000,128.000
EP_V096_RR3.mid,EP_V096_RR3.wav,35,B1,96,3,128.000,134.000,137.000
EP_V096_RR3.mid,EP_V096_RR3.wav,36,C2,96,3,137.000,143.000,146.000
EP_V096_RR3.mid,EP_V096_RR3.wav,37,C#2,96,3,146.000,152.000,155.000
EP_V096_RR3.mid,EP_V096_RR3.wav,38,D2,96,3,155.000,161.000,164.000
EP_V096_RR3.mid,EP_V096_RR3.wav,39,D#2,96,3,164.000,170.000,173.000
EP_V096_RR3.mid,EP_V096_RR3.wav,40,E2,96,3,173.000,179.000,182.000
EP_V096_RR3.mid,EP_V096_RR3.wav,41,F2,96,3,182.000,188.000,191.000
EP_V096_RR3.mid,EP_V096_RR3.wav,42,F#2,96,3,191.000,197.000,200.000
EP_V096_RR3.mid,EP_V096_RR3.wav,43,G2,96,3,200.000,206.000,209.000
EP_V096_RR3.mid,EP_V096_RR3.wav,44,G#2,96,3,209.000,215.000,218.000
EP_V096_RR3.mid,EP_V096_RR3.wav,45,A2,96,3,218.000,224.000,227.000
EP_V096_RR3.mid,EP_V096_RR3.wav,46,A#2,96,3,227.000,233.000,236.000
EP_V096_RR3.mid,EP_V096_RR3.wav,47,B2,96,3,236.000,242.000,245.000
EP_V096_RR3.mid,EP_V096_RR3.wav,48,C3,96,3,245.000,251.000,254.000
EP_V096_RR3.mid,EP_V096_RR3.wav,49,C#3,96,3,254.000,260.000,263.000
EP_V096_RR3.mid,EP_V096_RR3.wav,50,D3,96,3,263.000,269.000,272.000
EP_V096_RR3.mid,EP_V096_RR3.wav,51,D#3,96,3,272.000,278.000,281.000
EP_V096_RR3.mid,EP_V096_RR3.wav,52,E3,96,3,281.000,287.000,290.000
EP_V096_RR3.mid,EP_V096_RR3.wav,53,F3,96,3,290.000,296.000,299.000
EP_V096_RR3.mid,EP_V096_RR3.wav,54,F#3,96,3,299.000,305.000,308.000
EP_V096_RR3.mid,EP_V096_RR3.wav,55,G3,96,3,308.000,314.000,317.000
EP_V096_RR3.mid,EP_V096_RR3.wav,56,G#3,96,3,317.000,323.000,326.000
EP_V096_RR3.mid,EP_V096_RR3.wav,57,A3,96,3,326.000,332.000,335.000
EP_V096_RR3.mid,EP_V096_RR3.wav,58,A#3,96,3,335.000,341.000,344.000
EP_V096_RR3.mid,EP_V096_RR3.wav,59,B3,96,3,344.000,350.000,353.000
EP_V096_RR3.mid,EP_V096_RR3.wav,60,C4,96,3,353.000,359.000,362.000
EP_V096_RR3.mid,EP_V096_RR3.wav,61,C#4,96,3,362.000,368.000,371.000
EP_V096_RR3.mid,EP_V096_RR3.wav,62,D4,96,3,371.000,377.000,380.000
EP_V096_RR3.mid,EP_V096_RR3.wav,63,D#4,96,3,380.000,386.000,389.000
EP_V096_RR3.mid,EP_V096_RR3.wav,64,E4,96,3,389.000,395.000,398.000
EP_V096_RR3.mid,EP_V096_RR3.wav,65,F4,96,3,398.000,404.000,407.000
EP_V096_RR3.mid,EP_V096_RR3.wav,66,F#4,96,3,407.000,413.000,416.000
EP_V096_RR3.mid,EP_V096_RR3.wav,67,G4,96,3,416.000,422.000,425.000
EP_V096_RR3.mid,EP_V096_RR3.wav,68,G#4,96,3,425.000,431.000,434.000
EP_V096_RR3.mid,EP_V096_RR3.wav,69,A4,96,3,434.000,440.000,443.000
EP_V096_RR3.mid,EP_V096_RR3.wav,70,A#4,96,3,443.000,449.000,452.000
EP_V096_RR3.mid,EP_V096_RR3.wav,71,B4,96,3,452.000,458.000,461.000
EP_V096_RR3.mid,EP_V096_RR3.wav,72,C5,96,3,461.000,467.000,470.000
EP_V096_RR3.mid,EP_V096_RR3.wav,73,C#5,96,3,470.000,476.000,479.000
EP_V096_RR3.mid,EP_V096_RR3.wav,74,D5,96,3,479.000,485.000,488.000
EP_V096_RR3.mid,EP_V096_RR3.wav,75,D#5,96,3,488.000,494.000,497.000
EP_V096_RR3.mid,EP_V096_RR3.wav,76,E5,96,3,497.000,503.000,506.000
EP_V096_RR3.mid,EP_V096_RR3.wav,77,F5,96,3,506.000,512.000,515.000
EP_V096_RR3.mid,EP_V096_RR3.wav,78,F#5,96,3,515.000,521.000,524.000
EP_V096_RR3.mid,EP_V096_RR3.wav,79,G5,96,3,524.000,530.000,533.000
EP_V096_RR3.mid,EP_V096_RR3.wav,80,G#5,96,3,533.000,539.000,542.000
EP_V096_RR3.mid,EP_V096_RR3.wav,81,A5,96,3,542.000,548.000,551.000
EP_V096_RR3.mid,EP_V096_RR3.wav,82,A#5,96,3,551.000,557.000,560.000
EP_V096_RR3.mid,EP_V096_RR3.wav,83,B5,96,3,560.000,566.000,569.000
EP_V096_RR3.mid,EP_V096_RR3.wav,84,C6,96,3,569.000,575.000,578.000
EP_V096_RR3.mid,EP_V096_RR3.wav,85,C#6,96,3,578.000,584.000,587.000
EP_V096_RR3.mid,EP_V096_RR3.wav,86,D6,96,3,587.000,593.000,596.000
EP_V096_RR3.mid,EP_V096_RR3.wav,87,D#6,96,3,596.000,602.000,605.000
EP_V096_RR3.mid,EP_V096_RR3.wav,88,E6,96,3,605.000,611.000,614.000
EP_V096_RR3.mid,EP_V096_RR3.wav,89,F6,96,3,614.000,620.000,623.000
EP_V096_RR3.mid,EP_V096_RR3.wav,90,F#6,96,3,623.000,629.000,632.000
EP_V096_RR3.mid,EP_V096_RR3.wav,91,G6,96,3,632.000,638.000,641.000
EP_V096_RR3.mid,EP_V096_RR3.wav,92,G#6,96,3,641.000,647.000,650.000
EP_V096_RR3.mid,EP_V096_RR3.wav,93,A6,96,3,650.000,656.000,659.000
EP_V096_RR3.mid,EP_V096_RR3.wav,94,A#6,96,3,659.000,665.000,668.000
EP_V096_RR3.mid,EP_V096_RR3.wav,95,B6,96,3,668.000,674.000,677.000
EP_V096_RR3.mid,EP_V096_RR3.wav,96,C7,96,3,677.000,683.000,686.000
EP_V096_RR3.mid,EP_V096_RR3.wav,97,C#7,96,3,686.000,692.000,695.000
EP_V096_RR3.mid,EP_V096_RR3.wav,98,D7,96,3,695.000,701.000,704.000
EP_V096_RR3.mid,EP_V096_RR3.wav,99,D#7,96,3,704.000,710.000,713.000
EP_V096_RR3.mid,EP_V096_RR3.wav,100,E7,96,3,713.000,719.000,722.000
EP_V096_RR3.mid,EP_V096_RR3.wav,101,F7,96,3,722.000,728.000,731.000
EP_V096_RR3.mid,EP_V096_RR3.wav,102,F#7,96,3,731.000,737.000,740.000
EP_V096_RR3.mid,EP_V096_RR3.wav,103,G7,96,3,740.000,746.000,749.000
EP_V096_RR3.mid,EP_V096_RR3.wav,104,G#7,96,3,749.000,755.000,758.000
EP_V096_RR3.mid,EP_V096_RR3.wav,105,A7,96,3,758.000,764.000,767.000
EP_V096_RR3.mid,EP_V096_RR3.wav,106,A#7,96,3,767.000,773.000,776.000
EP_V096_RR3.mid,EP_V096_RR3.wav,107,B7,96,3,776.000,782.000,785.000
EP_V096_RR3.mid,EP_V096_RR3.wav,108,C8,96,3,785.000,791.000,794.000
EP_V112_RR1.mid,EP_V112_RR1.wav,21,A0,112,1,2.000,8.000,11.000
EP_V112_RR1.mid,EP_V112_RR1.wav,22,A#0,112,1,11.000,17.000,20.000
EP_V112_RR1.mid,EP_V112_RR1.wav,23,B0,112,1,20.000,26.000,29.000
EP_V112_RR1.mid,EP_V112_RR1.wav,24,C1,112,1,29.000,35.000,38.000
EP_V112_RR1.mid,EP_V112_RR1.wav,25,C#1,112,1,38.000,44.000,47.000
EP_V112_RR1.mid,EP_V112_RR1.wav,26,D1,112,1,47.000,53.000,56.000
EP_V112_RR1.mid,EP_V112_RR1.wav,27,D#1,112,1,56.000,62.000,65.000
EP_V112_RR1.mid,EP_V112_RR1.wav,28,E1,112,1,65.000,71.000,74.000
EP_V112_RR1.mid,EP_V112_RR1.wav,29,F1,112,1,74.000,80.000,83.000
EP_V112_RR1.mid,EP_V112_RR1.wav,30,F#1,112,1,83.000,89.000,92.000
EP_V112_RR1.mid,EP_V112_RR1.wav,31,G1,112,1,92.000,98.000,101.000
EP_V112_RR1.mid,EP_V112_RR1.wav,32,G#1,112,1,101.000,107.000,110.000
EP_V112_RR1.mid,EP_V112_RR1.wav,33,A1,112,1,110.000,116.000,119.000
EP_V112_RR1.mid,EP_V112_RR1.wav,34,A#1,112,1,119.000,125.000,128.000
EP_V112_RR1.mid,EP_V112_RR1.wav,35,B1,112,1,128.000,134.000,137.000
EP_V112_RR1.mid,EP_V112_RR1.wav,36,C2,112,1,137.000,143.000,146.000
EP_V112_RR1.mid,EP_V112_RR1.wav,37,C#2,112,1,146.000,152.000,155.000
EP_V112_RR1.mid,EP_V112_RR1.wav,38,D2,112,1,155.000,161.000,164.000
EP_V112_RR1.mid,EP_V112_RR1.wav,39,D#2,112,1,164.000,170.000,173.000
EP_V112_RR1.mid,EP_V112_RR1.wav,40,E2,112,1,173.000,179.000,182.000
EP_V112_RR1.mid,EP_V112_RR1.wav,41,F2,112,1,182.000,188.000,191.000
EP_V112_RR1.mid,EP_V112_RR1.wav,42,F#2,112,1,191.000,197.000,200.000
EP_V112_RR1.mid,EP_V112_RR1.wav,43,G2,112,1,200.000,206.000,209.000
EP_V112_RR1.mid,EP_V112_RR1.wav,44,G#2,112,1,209.000,215.000,218.000
EP_V112_RR1.mid,EP_V112_RR1.wav,45,A2,112,1,218.000,224.000,227.000
EP_V112_RR1.mid,EP_V112_RR1.wav,46,A#2,112,1,227.000,233.000,236.000
EP_V112_RR1.mid,EP_V112_RR1.wav,47,B2,112,1,236.000,242.000,245.000
EP_V112_RR1.mid,EP_V112_RR1.wav,48,C3,112,1,245.000,251.000,254.000
EP_V112_RR1.mid,EP_V112_RR1.wav,49,C#3,112,1,254.000,260.000,263.000
EP_V112_RR1.mid,EP_V112_RR1.wav,50,D3,112,1,263.000,269.000,272.000
EP_V112_RR1.mid,EP_V112_RR1.wav,51,D#3,112,1,272.000,278.000,281.000
EP_V112_RR1.mid,EP_V112_RR1.wav,52,E3,112,1,281.000,287.000,290.000
EP_V112_RR1.mid,EP_V112_RR1.wav,53,F3,112,1,290.000,296.000,299.000
EP_V112_RR1.mid,EP_V112_RR1.wav,54,F#3,112,1,299.000,305.000,308.000
EP_V112_RR1.mid,EP_V112_RR1.wav,55,G3,112,1,308.000,314.000,317.000
EP_V112_RR1.mid,EP_V112_RR1.wav,56,G#3,112,1,317.000,323.000,326.000
EP_V112_RR1.mid,EP_V112_RR1.wav,57,A3,112,1,326.000,332.000,335.000
EP_V112_RR1.mid,EP_V112_RR1.wav,58,A#3,112,1,335.000,341.000,344.000
EP_V112_RR1.mid,EP_V112_RR1.wav,59,B3,112,1,344.000,350.000,353.000
EP_V112_RR1.mid,EP_V112_RR1.wav,60,C4,112,1,353.000,359.000,362.000
EP_V112_RR1.mid,EP_V112_RR1.wav,61,C#4,112,1,362.000,368.000,371.000
EP_V112_RR1.mid,EP_V112_RR1.wav,62,D4,112,1,371.000,377.000,380.000
EP_V112_RR1.mid,EP_V112_RR1.wav,63,D#4,112,1,380.000,386.000,389.000
EP_V112_RR1.mid,EP_V112_RR1.wav,64,E4,112,1,389.000,395.000,398.000
EP_V112_RR1.mid,EP_V112_RR1.wav,65,F4,112,1,398.000,404.000,407.000
EP_V112_RR1.mid,EP_V112_RR1.wav,66,F#4,112,1,407.000,413.000,416.000
EP_V112_RR1.mid,EP_V112_RR1.wav,67,G4,112,1,416.000,422.000,425.000
EP_V112_RR1.mid,EP_V112_RR1.wav,68,G#4,112,1,425.000,431.000,434.000
EP_V112_RR1.mid,EP_V112_RR1.wav,69,A4,112,1,434.000,440.000,443.000
EP_V112_RR1.mid,EP_V112_RR1.wav,70,A#4,112,1,443.000,449.000,452.000
EP_V112_RR1.mid,EP_V112_RR1.wav,71,B4,112,1,452.000,458.000,461.000
EP_V112_RR1.mid,EP_V112_RR1.wav,72,C5,112,1,461.000,467.000,470.000
EP_V112_RR1.mid,EP_V112_RR1.wav,73,C#5,112,1,470.000,476.000,479.000
EP_V112_RR1.mid,EP_V112_RR1.wav,74,D5,112,1,479.000,485.000,488.000
EP_V112_RR1.mid,EP_V112_RR1.wav,75,D#5,112,1,488.000,494.000,497.000
EP_V112_RR1.mid,EP_V112_RR1.wav,76,E5,112,1,497.000,503.000,506.000
EP_V112_RR1.mid,EP_V112_RR1.wav,77,F5,112,1,506.000,512.000,515.000
EP_V112_RR1.mid,EP_V112_RR1.wav,78,F#5,112,1,515.000,521.000,524.000
EP_V112_RR1.mid,EP_V112_RR1.wav,79,G5,112,1,524.000,530.000,533.000
EP_V112_RR1.mid,EP_V112_RR1.wav,80,G#5,112,1,533.000,539.000,542.000
EP_V112_RR1.mid,EP_V112_RR1.wav,81,A5,112,1,542.000,548.000,551.000
EP_V112_RR1.mid,EP_V112_RR1.wav,82,A#5,112,1,551.000,557.000,560.000
EP_V112_RR1.mid,EP_V112_RR1.wav,83,B5,112,1,560.000,566.000,569.000
EP_V112_RR1.mid,EP_V112_RR1.wav,84,C6,112,1,569.000,575.000,578.000
EP_V112_RR1.mid,EP_V112_RR1.wav,85,C#6,112,1,578.000,584.000,587.000
EP_V112_RR1.mid,EP_V112_RR1.wav,86,D6,112,1,587.000,593.000,596.000
EP_V112_RR1.mid,EP_V112_RR1.wav,87,D#6,112,1,596.000,602.000,605.000
EP_V112_RR1.mid,EP_V112_RR1.wav,88,E6,112,1,605.000,611.000,614.000
EP_V112_RR1.mid,EP_V112_RR1.wav,89,F6,112,1,614.000,620.000,623.000
EP_V112_RR1.mid,EP_V112_RR1.wav,90,F#6,112,1,623.000,629.000,632.000
EP_V112_RR1.mid,EP_V112_RR1.wav,91,G6,112,1,632.000,638.000,641.000
EP_V112_RR1.mid,EP_V112_RR1.wav,92,G#6,112,1,641.000,647.000,650.000
EP_V112_RR1.mid,EP_V112_RR1.wav,93,A6,112,1,650.000,656.000,659.000
EP_V112_RR1.mid,EP_V112_RR1.wav,94,A#6,112,1,659.000,665.000,668.000
EP_V112_RR1.mid,EP_V112_RR1.wav,95,B6,112,1,668.000,674.000,677.000
EP_V112_RR1.mid,EP_V112_RR1.wav,96,C7,112,1,677.000,683.000,686.000
EP_V112_RR1.mid,EP_V112_RR1.wav,97,C#7,112,1,686.000,692.000,695.000
EP_V112_RR1.mid,EP_V112_RR1.wav,98,D7,112,1,695.000,701.000,704.000
EP_V112_RR1.mid,EP_V112_RR1.wav,99,D#7,112,1,704.000,710.000,713.000
EP_V112_RR1.mid,EP_V112_RR1.wav,100,E7,112,1,713.000,719.000,722.000
EP_V112_RR1.mid,EP_V112_RR1.wav,101,F7,112,1,722.000,728.000,731.000
EP_V112_RR1.mid,EP_V112_RR1.wav,102,F#7,112,1,731.000,737.000,740.000
EP_V112_RR1.mid,EP_V112_RR1.wav,103,G7,112,1,740.000,746.000,749.000
EP_V112_RR1.mid,EP_V112_RR1.wav,104,G#7,112,1,749.000,755.000,758.000
EP_V112_RR1.mid,EP_V112_RR1.wav,105,A7,112,1,758.000,764.000,767.000
EP_V112_RR1.mid,EP_V112_RR1.wav,106,A#7,112,1,767.000,773.000,776.000
EP_V112_RR1.mid,EP_V112_RR1.wav,107,B7,112,1,776.000,782.000,785.000
EP_V112_RR1.mid,EP_V112_RR1.wav,108,C8,112,1,785.000,791.000,794.000
EP_V112_RR2.mid,EP_V112_RR2.wav,21,A0,112,2,2.000,8.000,11.000
EP_V112_RR2.mid,EP_V112_RR2.wav,22,A#0,112,2,11.000,17.000,20.000
EP_V112_RR2.mid,EP_V112_RR2.wav,23,B0,112,2,20.000,26.000,29.000
EP_V112_RR2.mid,EP_V112_RR2.wav,24,C1,112,2,29.000,35.000,38.000
EP_V112_RR2.mid,EP_V112_RR2.wav,25,C#1,112,2,38.000,44.000,47.000
EP_V112_RR2.mid,EP_V112_RR2.wav,26,D1,112,2,47.000,53.000,56.000
EP_V112_RR2.mid,EP_V112_RR2.wav,27,D#1,112,2,56.000,62.000,65.000
EP_V112_RR2.mid,EP_V112_RR2.wav,28,E1,112,2,65.000,71.000,74.000
EP_V112_RR2.mid,EP_V112_RR2.wav,29,F1,112,2,74.000,80.000,83.000
EP_V112_RR2.mid,EP_V112_RR2.wav,30,F#1,112,2,83.000,89.000,92.000
EP_V112_RR2.mid,EP_V112_RR2.wav,31,G1,112,2,92.000,98.000,101.000
EP_V112_RR2.mid,EP_V112_RR2.wav,32,G#1,112,2,101.000,107.000,110.000
EP_V112_RR2.mid,EP_V112_RR2.wav,33,A1,112,2,110.000,116.000,119.000
EP_V112_RR2.mid,EP_V112_RR2.wav,34,A#1,112,2,119.000,125.000,128.000
EP_V112_RR2.mid,EP_V112_RR2.wav,35,B1,112,2,128.000,134.000,137.000
EP_V112_RR2.mid,EP_V112_RR2.wav,36,C2,112,2,137.000,143.000,146.000
EP_V112_RR2.mid,EP_V112_RR2.wav,37,C#2,112,2,146.000,152.000,155.000
EP_V112_RR2.mid,EP_V112_RR2.wav,38,D2,112,2,155.000,161.000,164.000
EP_V112_RR2.mid,EP_V112_RR2.wav,39,D#2,112,2,164.000,170.000,173.000
EP_V112_RR2.mid,EP_V112_RR2.wav,40,E2,112,2,173.000,179.000,182.000
EP_V112_RR2.mid,EP_V112_RR2.wav,41,F2,112,2,182.000,188.000,191.000
EP_V112_RR2.mid,EP_V112_RR2.wav,42,F#2,112,2,191.000,197.000,200.000
EP_V112_RR2.mid,EP_V112_RR2.wav,43,G2,112,2,200.000,206.000,209.000
EP_V112_RR2.mid,EP_V112_RR2.wav,44,G#2,112,2,209.000,215.000,218.000
EP_V112_RR2.mid,EP_V112_RR2.wav,45,A2,112,2,218.000,224.000,227.000
EP_V112_RR2.mid,EP_V112_RR2.wav,46,A#2,112,2,227.000,233.000,236.000
EP_V112_RR2.mid,EP_V112_RR2.wav,47,B2,112,2,236.000,242.000,245.000
EP_V112_RR2.mid,EP_V112_RR2.wav,48,C3,112,2,245.000,251.000,254.000
EP_V112_RR2.mid,EP_V112_RR2.wav,49,C#3,112,2,254.000,260.000,263.000
EP_V112_RR2.mid,EP_V112_RR2.wav,50,D3,112,2,263.000,269.000,272.000
EP_V112_RR2.mid,EP_V112_RR2.wav,51,D#3,112,2,272.000,278.000,281.000
EP_V112_RR2.mid,EP_V112_RR2.wav,52,E3,112,2,281.000,287.000,290.000
EP_V112_RR2.mid,EP_V112_RR2.wav,53,F3,112,2,290.000,296.000,299.000
EP_V112_RR2.mid,EP_V112_RR2.wav,54,F#3,112,2,299.000,305.000,308.000
EP_V112_RR2.mid,EP_V112_RR2.wav,55,G3,112,2,308.000,314.000,317.000
EP_V112_RR2.mid,EP_V112_RR2.wav,56,G#3,112,2,317.000,323.000,326.000
EP_V112_RR2.mid,EP_V112_RR2.wav,57,A3,112,2,326.000,332.000,335.000
EP_V112_RR2.mid,EP_V112_RR2.wav,58,A#3,112,2,335.000,341.000,344.000
EP_V112_RR2.mid,EP_V112_RR2.wav,59,B3,112,2,344.000,350.000,353.000
EP_V112_RR2.mid,EP_V112_RR2.wav,60,C4,112,2,353.000,359.000,362.000
EP_V112_RR2.mid,EP_V112_RR2.wav,61,C#4,112,2,362.000,368.000,371.000
EP_V112_RR2.mid,EP_V112_RR2.wav,62,D4,112,2,371.000,377.000,380.000
EP_V112_RR2.mid,EP_V112_RR2.wav,63,D#4,112,2,380.000,386.000,389.000
EP_V112_RR2.mid,EP_V112_RR2.wav,64,E4,112,2,389.000,395.000,398.000
EP_V112_RR2.mid,EP_V112_RR2.wav,65,F4,112,2,398.000,404.000,407.000
EP_V112_RR2.mid,EP_V112_RR2.wav,66,F#4,112,2,407.000,413.000,416.000
EP_V112_RR2.mid,EP_V112_RR2.wav,67,G4,112,2,416.000,422.000,425.000
EP_V112_RR2.mid,EP_V112_RR2.wav,68,G#4,112,2,425.000,431.000,434.000
EP_V112_RR2.mid,EP_V112_RR2.wav,69,A4,112,2,434.000,440.000,443.000
EP_V112_RR2.mid,EP_V112_RR2.wav,70,A#4,112,2,443.000,449.000,452.000
EP_V112_RR2.mid,EP_V112_RR2.wav,71,B4,112,2,452.000,458.000,461.000
EP_V112_RR2.mid,EP_V112_RR2.wav,72,C5,112,2,461.000,467.000,470.000
EP_V112_RR2.mid,EP_V112_RR2.wav,73,C#5,112,2,470.000,476.000,479.000
EP_V112_RR2.mid,EP_V112_RR2.wav,74,D5,112,2,479.000,485.000,488.000
EP_V112_RR2.mid,EP_V112_RR2.wav,75,D#5,112,2,488.000,494.000,497.000
EP_V112_RR2.mid,EP_V112_RR2.wav,76,E5,112,2,497.000,503.000,506.000
EP_V112_RR2.mid,EP_V112_RR2.wav,77,F5,112,2,506.000,512.000,515.000
EP_V112_RR2.mid,EP_V112_RR2.wav,78,F#5,112,2,515.000,521.000,524.000
EP_V112_RR2.mid,EP_V112_RR2.wav,79,G5,112,2,524.000,530.000,533.000
EP_V112_RR2.mid,EP_V112_RR2.wav,80,G#5,112,2,533.000,539.000,542.000
EP_V112_RR2.mid,EP_V112_RR2.wav,81,A5,112,2,542.000,548.000,551.000
EP_V112_RR2.mid,EP_V112_RR2.wav,82,A#5,112,2,551.000,557.000,560.000
EP_V112_RR2.mid,EP_V112_RR2.wav,83,B5,112,2,560.000,566.000,569.000
EP_V112_RR2.mid,EP_V112_RR2.wav,84,C6,112,2,569.000,575.000,578.000
EP_V112_RR2.mid,EP_V112_RR2.wav,85,C#6,112,2,578.000,584.000,587.000
EP_V112_RR2.mid,EP_V112_RR2.wav,86,D6,112,2,587.000,593.000,596.000
EP_V112_RR2.mid,EP_V112_RR2.wav,87,D#6,112,2,596.000,602.000,605.000
EP_V112_RR2.mid,EP_V112_RR2.wav,88,E6,112,2,605.000,611.000,614.000
EP_V112_RR2.mid,EP_V112_RR2.wav,89,F6,112,2,614.000,620.000,623.000
EP_V112_RR2.mid,EP_V112_RR2.wav,90,F#6,112,2,623.000,629.000,632.000
EP_V112_RR2.mid,EP_V112_RR2.wav,91,G6,112,2,632.000,638.000,641.000
EP_V112_RR2.mid,EP_V112_RR2.wav,92,G#6,112,2,641.000,647.000,650.000
EP_V112_RR2.mid,EP_V112_RR2.wav,93,A6,112,2,650.000,656.000,659.000
EP_V112_RR2.mid,EP_V112_RR2.wav,94,A#6,112,2,659.000,665.000,668.000
EP_V112_RR2.mid,EP_V112_RR2.wav,95,B6,112,2,668.000,674.000,677.000
EP_V112_RR2.mid,EP_V112_RR2.wav,96,C7,112,2,677.000,683.000,686.000
EP_V112_RR2.mid,EP_V112_RR2.wav,97,C#7,112,2,686.000,692.000,695.000
EP_V112_RR2.mid,EP_V112_RR2.wav,98,D7,112,2,695.000,701.000,704.000
EP_V112_RR2.mid,EP_V112_RR2.wav,99,D#7,112,2,704.000,710.000,713.000
EP_V112_RR2.mid,EP_V112_RR2.wav,100,E7,112,2,713.000,719.000,722.000
EP_V112_RR2.mid,EP_V112_RR2.wav,101,F7,112,2,722.000,728.000,731.000
EP_V112_RR2.mid,EP_V112_RR2.wav,102,F#7,112,2,731.000,737.000,740.000
EP_V112_RR2.mid,EP_V112_RR2.wav,103,G7,112,2,740.000,746.000,749.000
EP_V112_RR2.mid,EP_V112_RR2.wav,104,G#7,112,2,749.000,755.000,758.000
EP_V112_RR2.mid,EP_V112_RR2.wav,105,A7,112,2,758.000,764.000,767.000
EP_V112_RR2.mid,EP_V112_RR2.wav,106,A#7,112,2,767.000,773.000,776.000
EP_V112_RR2.mid,EP_V112_RR2.wav,107,B7,112,2,776.000,782.000,785.000
EP_V112_RR2.mid,EP_V112_RR2.wav,108,C8,112,2,785.000,791.000,794.000
EP_V112_RR3.mid,EP_V112_RR3.wav,21,A0,112,3,2.000,8.000,11.000
EP_V112_RR3.mid,EP_V112_RR3.wav,22,A#0,112,3,11.000,17.000,20.000
EP_V112_RR3.mid,EP_V112_RR3.wav,23,B0,112,3,20.000,26.000,29.000
EP_V112_RR3.mid,EP_V112_RR3.wav,24,C1,112,3,29.000,35.000,38.000
EP_V112_RR3.mid,EP_V112_RR3.wav,25,C#1,112,3,38.000,44.000,47.000
EP_V112_RR3.mid,EP_V112_RR3.wav,26,D1,112,3,47.000,53.000,56.000
EP_V112_RR3.mid,EP_V112_RR3.wav,27,D#1,112,3,56.000,62.000,65.000
EP_V112_RR3.mid,EP_V112_RR3.wav,28,E1,112,3,65.000,71.000,74.000
EP_V112_RR3.mid,EP_V112_RR3.wav,29,F1,112,3,74.000,80.000,83.000
EP_V112_RR3.mid,EP_V112_RR3.wav,30,F#1,112,3,83.000,89.000,92.000
EP_V112_RR3.mid,EP_V112_RR3.wav,31,G1,112,3,92.000,98.000,101.000
EP_V112_RR3.mid,EP_V112_RR3.wav,32,G#1,112,3,101.000,107.000,110.000
EP_V112_RR3.mid,EP_V112_RR3.wav,33,A1,112,3,110.000,116.000,119.000
EP_V112_RR3.mid,EP_V112_RR3.wav,34,A#1,112,3,119.000,125.000,128.000
EP_V112_RR3.mid,EP_V112_RR3.wav,35,B1,112,3,128.000,134.000,137.000
EP_V112_RR3.mid,EP_V112_RR3.wav,36,C2,112,3,137.000,143.000,146.000
EP_V112_RR3.mid,EP_V112_RR3.wav,37,C#2,112,3,146.000,152.000,155.000
EP_V112_RR3.mid,EP_V112_RR3.wav,38,D2,112,3,155.000,161.000,164.000
EP_V112_RR3.mid,EP_V112_RR3.wav,39,D#2,112,3,164.000,170.000,173.000
EP_V112_RR3.mid,EP_V112_RR3.wav,40,E2,112,3,173.000,179.000,182.000
EP_V112_RR3.mid,EP_V112_RR3.wav,41,F2,112,3,182.000,188.000,191.000
EP_V112_RR3.mid,EP_V112_RR3.wav,42,F#2,112,3,191.000,197.000,200.000
EP_V112_RR3.mid,EP_V112_RR3.wav,43,G2,112,3,200.000,206.000,209.000
EP_V112_RR3.mid,EP_V112_RR3.wav,44,G#2,112,3,209.000,215.000,218.000
EP_V112_RR3.mid,EP_V112_RR3.wav,45,A2,112,3,218.000,224.000,227.000
EP_V112_RR3.mid,EP_V112_RR3.wav,46,A#2,112,3,227.000,233.000,236.000
EP_V112_RR3.mid,EP_V112_RR3.wav,47,B2,112,3,236.000,242.000,245.000
EP_V112_RR3.mid,EP_V112_RR3.wav,48,C3,112,3,245.000,251.000,254.000
EP_V112_RR3.mid,EP_V112_RR3.wav,49,C#3,112,3,254.000,260.000,263.000
EP_V112_RR3.mid,EP_V112_RR3.wav,50,D3,112,3,263.000,269.000,272.000
EP_V112_RR3.mid,EP_V112_RR3.wav,51,D#3,112,3,272.000,278.000,281.000
EP_V112_RR3.mid,EP_V112_RR3.wav,52,E3,112,3,281.000,287.000,290.000
EP_V112_RR3.mid,EP_V112_RR3.wav,53,F3,112,3,290.000,296.000,299.000
EP_V112_RR3.mid,EP_V112_RR3.wav,54,F#3,112,3,299.000,305.000,308.000
EP_V112_RR3.mid,EP_V112_RR3.wav,55,G3,112,3,308.000,314.000,317.000
EP_V112_RR3.mid,EP_V112_RR3.wav,56,G#3,112,3,317.000,323.000,326.000
EP_V112_RR3.mid,EP_V112_RR3.wav,57,A3,112,3,326.000,332.000,335.000
EP_V112_RR3.mid,EP_V112_RR3.wav,58,A#3,112,3,335.000,341.000,344.000
EP_V112_RR3.mid,EP_V112_RR3.wav,59,B3,112,3,344.000,350.000,353.000
EP_V112_RR3.mid,EP_V112_RR3.wav,60,C4,112,3,353.000,359.000,362.000
EP_V112_RR3.mid,EP_V112_RR3.wav,61,C#4,112,3,362.000,368.000,371.000
EP_V112_RR3.mid,EP_V112_RR3.wav,62,D4,112,3,371.000,377.000,380.000
EP_V112_RR3.mid,EP_V112_RR3.wav,63,D#4,112,3,380.000,386.000,389.000
EP_V112_RR3.mid,EP_V112_RR3.wav,64,E4,112,3,389.000,395.000,398.000
EP_V112_RR3.mid,EP_V112_RR3.wav,65,F4,112,3,398.000,404.000,407.000
EP_V112_RR3.mid,EP_V112_RR3.wav,66,F#4,112,3,407.000,413.000,416.000
EP_V112_RR3.mid,EP_V112_RR3.wav,67,G4,112,3,416.000,422.000,425.000
EP_V112_RR3.mid,EP_V112_RR3.wav,68,G#4,112,3,425.000,431.000,434.000
EP_V112_RR3.mid,EP_V112_RR3.wav,69,A4,112,3,434.000,440.000,443.000
EP_V112_RR3.mid,EP_V112_RR3.wav,70,A#4,112,3,443.000,449.000,452.000
EP_V112_RR3.mid,EP_V112_RR3.wav,71,B4,112,3,452.000,458.000,461.000
EP_V112_RR3.mid,EP_V112_RR3.wav,72,C5,112,3,461.000,467.000,470.000
EP_V112_RR3.mid,EP_V112_RR3.wav,73,C#5,112,3,470.000,476.000,479.000
EP_V112_RR3.mid,EP_V112_RR3.wav,74,D5,112,3,479.000,485.000,488.000
EP_V112_RR3.mid,EP_V112_RR3.wav,75,D#5,112,3,488.000,494.000,497.000
EP_V112_RR3.mid,EP_V112_RR3.wav,76,E5,112,3,497.000,503.000,506.000
EP_V112_RR3.mid,EP_V112_RR3.wav,77,F5,112,3,506.000,512.000,515.000
EP_V112_RR3.mid,EP_V112_RR3.wav,78,F#5,112,3,515.000,521.000,524.000
EP_V112_RR3.mid,EP_V112_RR3.wav,79,G5,112,3,524.000,530.000,533.000
EP_V112_RR3.mid,EP_V112_RR3.wav,80,G#5,112,3,533.000,539.000,542.000
EP_V112_RR3.mid,EP_V112_RR3.wav,81,A5,112,3,542.000,548.000,551.000
EP_V112_RR3.mid,EP_V112_RR3.wav,82,A#5,112,3,551.000,557.000,560.000
EP_V112_RR3.mid,EP_V112_RR3.wav,83,B5,112,3,560.000,566.000,569.000
EP_V112_RR3.mid,EP_V112_RR3.wav,84,C6,112,3,569.000,575.000,578.000
EP_V112_RR3.mid,EP_V112_RR3.wav,85,C#6,112,3,578.000,584.000,587.000
EP_V112_RR3.mid,EP_V112_RR3.wav,86,D6,112,3,587.000,593.000,596.000
EP_V112_RR3.mid,EP_V112_RR3.wav,87,D#6,112,3,596.000,602.000,605.000
EP_V112_RR3.mid,EP_V112_RR3.wav,88,E6,112,3,605.000,611.000,614.000
EP_V112_RR3.mid,EP_V112_RR3.wav,89,F6,112,3,614.000,620.000,623.000
EP_V112_RR3.mid,EP_V112_RR3.wav,90,F#6,112,3,623.000,629.000,632.000
EP_V112_RR3.mid,EP_V112_RR3.wav,91,G6,112,3,632.000,638.000,641.000
EP_V112_RR3.mid,EP_V112_RR3.wav,92,G#6,112,3,641.000,647.000,650.000
EP_V112_RR3.mid,EP_V112_RR3.wav,93,A6,112,3,650.000,656.000,659.000
EP_V112_RR3.mid,EP_V112_RR3.wav,94,A#6,112,3,659.000,665.000,668.000
EP_V112_RR3.mid,EP_V112_RR3.wav,95,B6,112,3,668.000,674.000,677.000
EP_V112_RR3.mid,EP_V112_RR3.wav,96,C7,112,3,677.000,683.000,686.000
EP_V112_RR3.mid,EP_V112_RR3.wav,97,C#7,112,3,686.000,692.000,695.000
EP_V112_RR3.mid,EP_V112_RR3.wav,98,D7,112,3,695.000,701.000,704.000
EP_V112_RR3.mid,EP_V112_RR3.wav,99,D#7,112,3,704.000,710.000,713.000
EP_V112_RR3.mid,EP_V112_RR3.wav,100,E7,112,3,713.000,719.000,722.000
EP_V112_RR3.mid,EP_V112_RR3.wav,101,F7,112,3,722.000,728.000,731.000
EP_V112_RR3.mid,EP_V112_RR3.wav,102,F#7,112,3,731.000,737.000,740.000
EP_V112_RR3.mid,EP_V112_RR3.wav,103,G7,112,3,740.000,746.000,749.000
EP_V112_RR3.mid,EP_V112_RR3.wav,104,G#7,112,3,749.000,755.000,758.000
EP_V112_RR3.mid,EP_V112_RR3.wav,105,A7,112,3,758.000,764.000,767.000
EP_V112_RR3.mid,EP_V112_RR3.wav,106,A#7,112,3,767.000,773.000,776.000
EP_V112_RR3.mid,EP_V112_RR3.wav,107,B7,112,3,776.000,782.000,785.000
EP_V112_RR3.mid,EP_V112_RR3.wav,108,C8,112,3,785.000,791.000,794.000
EP_V127_RR1.mid,EP_V127_RR1.wav,21,A0,127,1,2.000,8.000,11.000
EP_V127_RR1.mid,EP_V127_RR1.wav,22,A#0,127,1,11.000,17.000,20.000
EP_V127_RR1.mid,EP_V127_RR1.wav,23,B0,127,1,20.000,26.000,29.000
EP_V127_RR1.mid,EP_V127_RR1.wav,24,C1,127,1,29.000,35.000,38.000
EP_V127_RR1.mid,EP_V127_RR1.wav,25,C#1,127,1,38.000,44.000,47.000
EP_V127_RR1.mid,EP_V127_RR1.wav,26,D1,127,1,47.000,53.000,56.000
EP_V127_RR1.mid,EP_V127_RR1.wav,27,D#1,127,1,56.000,62.000,65.000
EP_V127_RR1.mid,EP_V127_RR1.wav,28,E1,127,1,65.000,71.000,74.000
EP_V127_RR1.mid,EP_V127_RR1.wav,29,F1,127,1,74.000,80.000,83.000
EP_V127_RR1.mid,EP_V127_RR1.wav,30,F#1,127,1,83.000,89.000,92.000
EP_V127_RR1.mid,EP_V127_RR1.wav,31,G1,127,1,92.000,98.000,101.000
EP_V127_RR1.mid,EP_V127_RR1.wav,32,G#1,127,1,101.000,107.000,110.000
EP_V127_RR1.mid,EP_V127_RR1.wav,33,A1,127,1,110.000,116.000,119.000
EP_V127_RR1.mid,EP_V127_RR1.wav,34,A#1,127,1,119.000,125.000,128.000
EP_V127_RR1.mid,EP_V127_RR1.wav,35,B1,127,1,128.000,134.000,137.000
EP_V127_RR1.mid,EP_V127_RR1.wav,36,C2,127,1,137.000,143.000,146.000
EP_V127_RR1.mid,EP_V127_RR1.wav,37,C#2,127,1,146.000,152.000,155.000
EP_V127_RR1.mid,EP_V127_RR1.wav,38,D2,127,1,155.000,161.000,164.000
EP_V127_RR1.mid,EP_V127_RR1.wav,39,D#2,127,1,164.000,170.000,173.000
EP_V127_RR1.mid,EP_V127_RR1.wav,40,E2,127,1,173.000,179.000,182.000
EP_V127_RR1.mid,EP_V127_RR1.wav,41,F2,127,1,182.000,188.000,191.000
EP_V127_RR1.mid,EP_V127_RR1.wav,42,F#2,127,1,191.000,197.000,200.000
EP_V127_RR1.mid,EP_V127_RR1.wav,43,G2,127,1,200.000,206.000,209.000
EP_V127_RR1.mid,EP_V127_RR1.wav,44,G#2,127,1,209.000,215.000,218.000
EP_V127_RR1.mid,EP_V127_RR1.wav,45,A2,127,1,218.000,224.000,227.000
EP_V127_RR1.mid,EP_V127_RR1.wav,46,A#2,127,1,227.000,233.000,236.000
EP_V127_RR1.mid,EP_V127_RR1.wav,47,B2,127,1,236.000,242.000,245.000
EP_V127_RR1.mid,EP_V127_RR1.wav,48,C3,127,1,245.000,251.000,254.000
EP_V127_RR1.mid,EP_V127_RR1.wav,49,C#3,127,1,254.000,260.000,263.000
EP_V127_RR1.mid,EP_V127_RR1.wav,50,D3,127,1,263.000,269.000,272.000
EP_V127_RR1.mid,EP_V127_RR1.wav,51,D#3,127,1,272.000,278.000,281.000
EP_V127_RR1.mid,EP_V127_RR1.wav,52,E3,127,1,281.000,287.000,290.000
EP_V127_RR1.mid,EP_V127_RR1.wav,53,F3,127,1,290.000,296.000,299.000
EP_V127_RR1.mid,EP_V127_RR1.wav,54,F#3,127,1,299.000,305.000,308.000
EP_V127_RR1.mid,EP_V127_RR1.wav,55,G3,127,1,308.000,314.000,317.000
EP_V127_RR1.mid,EP_V127_RR1.wav,56,G#3,127,1,317.000,323.000,326.000
EP_V127_RR1.mid,EP_V127_RR1.wav,57,A3,127,1,326.000,332.000,335.000
EP_V127_RR1.mid,EP_V127_RR1.wav,58,A#3,127,1,335.000,341.000,344.000
EP_V127_RR1.mid,EP_V127_RR1.wav,59,B3,127,1,344.000,350.000,353.000
EP_V127_RR1.mid,EP_V127_RR1.wav,60,C4,127,1,353.000,359.000,362.000
EP_V127_RR1.mid,EP_V127_RR1.wav,61,C#4,127,1,362.000,368.000,371.000
EP_V127_RR1.mid,EP_V127_RR1.wav,62,D4,127,1,371.000,377.000,380.000
EP_V127_RR1.mid,EP_V127_RR1.wav,63,D#4,127,1,380.000,386.000,389.000
EP_V127_RR1.mid,EP_V127_RR1.wav,64,E4,127,1,389.000,395.000,398.000
EP_V127_RR1.mid,EP_V127_RR1.wav,65,F4,127,1,398.000,404.000,407.000
EP_V127_RR1.mid,EP_V127_RR1.wav,66,F#4,127,1,407.000,413.000,416.000
EP_V127_RR1.mid,EP_V127_RR1.wav,67,G4,127,1,416.000,422.000,425.000
EP_V127_RR1.mid,EP_V127_RR1.wav,68,G#4,127,1,425.000,431.000,434.000
EP_V127_RR1.mid,EP_V127_RR1.wav,69,A4,127,1,434.000,440.000,443.000
EP_V127_RR1.mid,EP_V127_RR1.wav,70,A#4,127,1,443.000,449.000,452.000
EP_V127_RR1.mid,EP_V127_RR1.wav,71,B4,127,1,452.000,458.000,461.000
EP_V127_RR1.mid,EP_V127_RR1.wav,72,C5,127,1,461.000,467.000,470.000
EP_V127_RR1.mid,EP_V127_RR1.wav,73,C#5,127,1,470.000,476.000,479.000
EP_V127_RR1.mid,EP_V127_RR1.wav,74,D5,127,1,479.000,485.000,488.000
EP_V127_RR1.mid,EP_V127_RR1.wav,75,D#5,127,1,488.000,494.000,497.000
EP_V127_RR1.mid,EP_V127_RR1.wav,76,E5,127,1,497.000,503.000,506.000
EP_V127_RR1.mid,EP_V127_RR1.wav,77,F5,127,1,506.000,512.000,515.000
EP_V127_RR1.mid,EP_V127_RR1.wav,78,F#5,127,1,515.000,521.000,524.000
EP_V127_RR1.mid,EP_V127_RR1.wav,79,G5,127,1,524.000,530.000,533.000
EP_V127_RR1.mid,EP_V127_RR1.wav,80,G#5,127,1,533.000,539.000,542.000
EP_V127_RR1.mid,EP_V127_RR1.wav,81,A5,127,1,542.000,548.000,551.000
EP_V127_RR1.mid,EP_V127_RR1.wav,82,A#5,127,1,551.000,557.000,560.000
EP_V127_RR1.mid,EP_V127_RR1.wav,83,B5,127,1,560.000,566.000,569.000
EP_V127_RR1.mid,EP_V127_RR1.wav,84,C6,127,1,569.000,575.000,578.000
EP_V127_RR1.mid,EP_V127_RR1.wav,85,C#6,127,1,578.000,584.000,587.000
EP_V127_RR1.mid,EP_V127_RR1.wav,86,D6,127,1,587.000,593.000,596.000
EP_V127_RR1.mid,EP_V127_RR1.wav,87,D#6,127,1,596.000,602.000,605.000
EP_V127_RR1.mid,EP_V127_RR1.wav,88,E6,127,1,605.000,611.000,614.000
EP_V127_RR1.mid,EP_V127_RR1.wav,89,F6,127,1,614.000,620.000,623.000
EP_V127_RR1.mid,EP_V127_RR1.wav,90,F#6,127,1,623.000,629.000,632.000
EP_V127_RR1.mid,EP_V127_RR1.wav,91,G6,127,1,632.000,638.000,641.000
EP_V127_RR1.mid,EP_V127_RR1.wav,92,G#6,127,1,641.000,647.000,650.000
EP_V127_RR1.mid,EP_V127_RR1.wav,93,A6,127,1,650.000,656.000,659.000
EP_V127_RR1.mid,EP_V127_RR1.wav,94,A#6,127,1,659.000,665.000,668.000
EP_V127_RR1.mid,EP_V127_RR1.wav,95,B6,127,1,668.000,674.000,677.000
EP_V127_RR1.mid,EP_V127_RR1.wav,96,C7,127,1,677.000,683.000,686.000
EP_V127_RR1.mid,EP_V127_RR1.wav,97,C#7,127,1,686.000,692.000,695.000
EP_V127_RR1.mid,EP_V127_RR1.wav,98,D7,127,1,695.000,701.000,704.000
EP_V127_RR1.mid,EP_V127_RR1.wav,99,D#7,127,1,704.000,710.000,713.000
EP_V127_RR1.mid,EP_V127_RR1.wav,100,E7,127,1,713.000,719.000,722.000
EP_V127_RR1.mid,EP_V127_RR1.wav,101,F7,127,1,722.000,728.000,731.000
EP_V127_RR1.mid,EP_V127_RR1.wav,102,F#7,127,1,731.000,737.000,740.000
EP_V127_RR1.mid,EP_V127_RR1.wav,103,G7,127,1,740.000,746.000,749.000
EP_V127_RR1.mid,EP_V127_RR1.wav,104,G#7,127,1,749.000,755.000,758.000
EP_V127_RR1.mid,EP_V127_RR1.wav,105,A7,127,1,758.000,764.000,767.000
EP_V127_RR1.mid,EP_V127_RR1.wav,106,A#7,127,1,767.000,773.000,776.000
EP_V127_RR1.mid,EP_V127_RR1.wav,107,B7,127,1,776.000,782.000,785.000
EP_V127_RR1.mid,EP_V127_RR1.wav,108,C8,127,1,785.000,791.000,794.000
EP_V127_RR2.mid,EP_V127_RR2.wav,21,A0,127,2,2.000,8.000,11.000
EP_V127_RR2.mid,EP_V127_RR2.wav,22,A#0,127,2,11.000,17.000,20.000
EP_V127_RR2.mid,EP_V127_RR2.wav,23,B0,127,2,20.000,26.000,29.000
EP_V127_RR2.mid,EP_V127_RR2.wav,24,C1,127,2,29.000,35.000,38.000
EP_V127_RR2.mid,EP_V127_RR2.wav,25,C#1,127,2,38.000,44.000,47.000
EP_V127_RR2.mid,EP_V127_RR2.wav,26,D1,127,2,47.000,53.000,56.000
EP_V127_RR2.mid,EP_V127_RR2.wav,27,D#1,127,2,56.000,62.000,65.000
EP_V127_RR2.mid,EP_V127_RR2.wav,28,E1,127,2,65.000,71.000,74.000
EP_V127_RR2.mid,EP_V127_RR2.wav,29,F1,127,2,74.000,80.000,83.000
EP_V127_RR2.mid,EP_V127_RR2.wav,30,F#1,127,2,83.000,89.000,92.000
EP_V127_RR2.mid,EP_V127_RR2.wav,31,G1,127,2,92.000,98.000,101.000
EP_V127_RR2.mid,EP_V127_RR2.wav,32,G#1,127,2,101.000,107.000,110.000
EP_V127_RR2.mid,EP_V127_RR2.wav,33,A1,127,2,110.000,116.000,119.000
EP_V127_RR2.mid,EP_V127_RR2.wav,34,A#1,127,2,119.000,125.000,128.000
EP_V127_RR2.mid,EP_V127_RR2.wav,35,B1,127,2,128.000,134.000,137.000
EP_V127_RR2.mid,EP_V127_RR2.wav,36,C2,127,2,137.000,143.000,146.000
EP_V127_RR2.mid,EP_V127_RR2.wav,37,C#2,127,2,146.000,152.000,155.000
EP_V127_RR2.mid,EP_V127_RR2.wav,38,D2,127,2,155.000,161.000,164.000
EP_V127_RR2.mid,EP_V127_RR2.wav,39,D#2,127,2,164.000,170.000,173.000
EP_V127_RR2.mid,EP_V127_RR2.wav,40,E2,127,2,173.000,179.000,182.000
EP_V127_RR2.mid,EP_V127_RR2.wav,41,F2,127,2,182.000,188.000,191.000
EP_V127_RR2.mid,EP_V127_RR2.wav,42,F#2,127,2,191.000,197.000,200.000
EP_V127_RR2.mid,EP_V127_RR2.wav,43,G2,127,2,200.000,206.000,209.000
EP_V127_RR2.mid,EP_V127_RR2.wav,44,G#2,127,2,209.000,215.000,218.000
EP_V127_RR2.mid,EP_V127_RR2.wav,45,A2,127,2,218.000,224.000,227.000
EP_V127_RR2.mid,EP_V127_RR2.wav,46,A#2,127,2,227.000,233.000,236.000
EP_V127_RR2.mid,EP_V127_RR2.wav,47,B2,127,2,236.000,242.000,245.000
EP_V127_RR2.mid,EP_V127_RR2.wav,48,C3,127,2,245.000,251.000,254.000
EP_V127_RR2.mid,EP_V127_RR2.wav,49,C#3,127,2,254.000,260.000,263.000
EP_V127_RR2.mid,EP_V127_RR2.wav,50,D3,127,2,263.000,269.000,272.000
EP_V127_RR2.mid,EP_V127_RR2.wav,51,D#3,127,2,272.000,278.000,281.000
EP_V127_RR2.mid,EP_V127_RR2.wav,52,E3,127,2,281.000,287.000,290.000
EP_V127_RR2.mid,EP_V127_RR2.wav,53,F3,127,2,290.000,296.000,299.000
EP_V127_RR2.mid,EP_V127_RR2.wav,54,F#3,127,2,299.000,305.000,308.000
EP_V127_RR2.mid,EP_V127_RR2.wav,55,G3,127,2,308.000,314.000,317.000
EP_V127_RR2.mid,EP_V127_RR2.wav,56,G#3,127,2,317.000,323.000,326.000
EP_V127_RR2.mid,EP_V127_RR2.wav,57,A3,127,2,326.000,332.000,335.000
EP_V127_RR2.mid,EP_V127_RR2.wav,58,A#3,127,2,335.000,341.000,344.000
EP_V127_RR2.mid,EP_V127_RR2.wav,59,B3,127,2,344.000,350.000,353.000
EP_V127_RR2.mid,EP_V127_RR2.wav,60,C4,127,2,353.000,359.000,362.000
EP_V127_RR2.mid,EP_V127_RR2.wav,61,C#4,127,2,362.000,368.000,371.000
EP_V127_RR2.mid,EP_V127_RR2.wav,62,D4,127,2,371.000,377.000,380.000
EP_V127_RR2.mid,EP_V127_RR2.wav,63,D#4,127,2,380.000,386.000,389.000
EP_V127_RR2.mid,EP_V127_RR2.wav,64,E4,127,2,389.000,395.000,398.000
EP_V127_RR2.mid,EP_V127_RR2.wav,65,F4,127,2,398.000,404.000,407.000
EP_V127_RR2.mid,EP_V127_RR2.wav,66,F#4,127,2,407.000,413.000,416.000
EP_V127_RR2.mid,EP_V127_RR2.wav,67,G4,127,2,416.000,422.000,425.000
EP_V127_RR2.mid,EP_V127_RR2.wav,68,G#4,127,2,425.000,431.000,434.000
EP_V127_RR2.mid,EP_V127_RR2.wav,69,A4,127,2,434.000,440.000,443.000
EP_V127_RR2.mid,EP_V127_RR2.wav,70,A#4,127,2,443.000,449.000,452.000
EP_V127_RR2.mid,EP_V127_RR2.wav,71,B4,127,2,452.000,458.000,461.000
EP_V127_RR2.mid,EP_V127_RR2.wav,72,C5,127,2,461.000,467.000,470.000
EP_V127_RR2.mid,EP_V127_RR2.wav,73,C#5,127,2,470.000,476.000,479.000
EP_V127_RR2.mid,EP_V127_RR2.wav,74,D5,127,2,479.000,485.000,488.000
EP_V127_RR2.mid,EP_V127_RR2.wav,75,D#5,127,2,488.000,494.000,497.000
EP_V127_RR2.mid,EP_V127_RR2.wav,76,E5,127,2,497.000,503.000,506.000
EP_V127_RR2.mid,EP_V127_RR2.wav,77,F5,127,2,506.000,512.000,515.000
EP_V127_RR2.mid,EP_V127_RR2.wav,78,F#5,127,2,515.000,521.000,524.000
EP_V127_RR2.mid,EP_V127_RR2.wav,79,G5,127,2,524.000,530.000,533.000
EP_V127_RR2.mid,EP_V127_RR2.wav,80,G#5,127,2,533.000,539.000,542.000
EP_V127_RR2.mid,EP_V127_RR2.wav,81,A5,127,2,542.000,548.000,551.000
EP_V127_RR2.mid,EP_V127_RR2.wav,82,A#5,127,2,551.000,557.000,560.000
EP_V127_RR2.mid,EP_V127_RR2.wav,83,B5,127,2,560.000,566.000,569.000
EP_V127_RR2.mid,EP_V127_RR2.wav,84,C6,127,2,569.000,575.000,578.000
EP_V127_RR2.mid,EP_V127_RR2.wav,85,C#6,127,2,578.000,584.000,587.000
EP_V127_RR2.mid,EP_V127_RR2.wav,86,D6,127,2,587.000,593.000,596.000
EP_V127_RR2.mid,EP_V127_RR2.wav,87,D#6,127,2,596.000,602.000,605.000
EP_V127_RR2.mid,EP_V127_RR2.wav,88,E6,127,2,605.000,611.000,614.000
EP_V127_RR2.mid,EP_V127_RR2.wav,89,F6,127,2,614.000,620.000,623.000
EP_V127_RR2.mid,EP_V127_RR2.wav,90,F#6,127,2,623.000,629.000,632.000
EP_V127_RR2.mid,EP_V127_RR2.wav,91,G6,127,2,632.000,638.000,641.000
EP_V127_RR2.mid,EP_V127_RR2.wav,92,G#6,127,2,641.000,647.000,650.000
EP_V127_RR2.mid,EP_V127_RR2.wav,93,A6,127,2,650.000,656.000,659.000
EP_V127_RR2.mid,EP_V127_RR2.wav,94,A#6,127,2,659.000,665.000,668.000
EP_V127_RR2.mid,EP_V127_RR2.wav,95,B6,127,2,668.000,674.000,677.000
EP_V127_RR2.mid,EP_V127_RR2.wav,96,C7,127,2,677.000,683.000,686.000
EP_V127_RR2.mid,EP_V127_RR2.wav,97,C#7,127,2,686.000,692.000,695.000
EP_V127_RR2.mid,EP_V127_RR2.wav,98,D7,127,2,695.000,701.000,704.000
EP_V127_RR2.mid,EP_V127_RR2.wav,99,D#7,127,2,704.000,710.000,713.000
EP_V127_RR2.mid,EP_V127_RR2.wav,100,E7,127,2,713.000,719.000,722.000
EP_V127_RR2.mid,EP_V127_RR2.wav,101,F7,127,2,722.000,728.000,731.000
EP_V127_RR2.mid,EP_V127_RR2.wav,102,F#7,127,2,731.000,737.000,740.000
EP_V127_RR2.mid,EP_V127_RR2.wav,103,G7,127,2,740.000,746.000,749.000
EP_V127_RR2.mid,EP_V127_RR2.wav,104,G#7,127,2,749.000,755.000,758.000
EP_V127_RR2.mid,EP_V127_RR2.wav,105,A7,127,2,758.000,764.000,767.000
EP_V127_RR2.mid,EP_V127_RR2.wav,106,A#7,127,2,767.000,773.000,776.000
EP_V127_RR2.mid,EP_V127_RR2.wav,107,B7,127,2,776.000,782.000,785.000
EP_V127_RR2.mid,EP_V127_RR2.wav,108,C8,127,2,785.000,791.000,794.000
EP_V127_RR3.mid,EP_V127_RR3.wav,21,A0,127,3,2.000,8.000,11.000
EP_V127_RR3.mid,EP_V127_RR3.wav,22,A#0,127,3,11.000,17.000,20.000
EP_V127_RR3.mid,EP_V127_RR3.wav,23,B0,127,3,20.000,26.000,29.000
EP_V127_RR3.mid,EP_V127_RR3.wav,24,C1,127,3,29.000,35.000,38.000
EP_V127_RR3.mid,EP_V127_RR3.wav,25,C#1,127,3,38.000,44.000,47.000
EP_V127_RR3.mid,EP_V127_RR3.wav,26,D1,127,3,47.000,53.000,56.000
EP_V127_RR3.mid,EP_V127_RR3.wav,27,D#1,127,3,56.000,62.000,65.000
EP_V127_RR3.mid,EP_V127_RR3.wav,28,E1,127,3,65.000,71.000,74.000
EP_V127_RR3.mid,EP_V127_RR3.wav,29,F1,127,3,74.000,80.000,83.000
EP_V127_RR3.mid,EP_V127_RR3.wav,30,F#1,127,3,83.000,89.000,92.000
EP_V127_RR3.mid,EP_V127_RR3.wav,31,G1,127,3,92.000,98.000,101.000
EP_V127_RR3.mid,EP_V127_RR3.wav,32,G#1,127,3,101.000,107.000,110.000
EP_V127_RR3.mid,EP_V127_RR3.wav,33,A1,127,3,110.000,116.000,119.000
EP_V127_RR3.mid,EP_V127_RR3.wav,34,A#1,127,3,119.000,125.000,128.000
EP_V127_RR3.mid,EP_V127_RR3.wav,35,B1,127,3,128.000,134.000,137.000
EP_V127_RR3.mid,EP_V127_RR3.wav,36,C2,127,3,137.000,143.000,146.000
EP_V127_RR3.mid,EP_V127_RR3.wav,37,C#2,127,3,146.000,152.000,155.000
EP_V127_RR3.mid,EP_V127_RR3.wav,38,D2,127,3,155.000,161.000,164.000
EP_V127_RR3.mid,EP_V127_RR3.wav,39,D#2,127,3,164.000,170.000,173.000
EP_V127_RR3.mid,EP_V127_RR3.wav,40,E2,127,3,173.000,179.000,182.000
EP_V127_RR3.mid,EP_V127_RR3.wav,41,F2,127,3,182.000,188.000,191.000
EP_V127_RR3.mid,EP_V127_RR3.wav,42,F#2,127,3,191.000,197.000,200.000
EP_V127_RR3.mid,EP_V127_RR3.wav,43,G2,127,3,200.000,206.000,209.000
EP_V127_RR3.mid,EP_V127_RR3.wav,44,G#2,127,3,209.000,215.000,218.000
EP_V127_RR3.mid,EP_V127_RR3.wav,45,A2,127,3,218.000,224.000,227.000
EP_V127_RR3.mid,EP_V127_RR3.wav,46,A#2,127,3,227.000,233.000,236.000
EP_V127_RR3.mid,EP_V127_RR3.wav,47,B2,127,3,236.000,242.000,245.000
EP_V127_RR3.mid,EP_V127_RR3.wav,48,C3,127,3,245.000,251.000,254.000
EP_V127_RR3.mid,EP_V127_RR3.wav,49,C#3,127,3,254.000,260.000,263.000
EP_V127_RR3.mid,EP_V127_RR3.wav,50,D3,127,3,263.000,269.000,272.000
EP_V127_RR3.mid,EP_V127_RR3.wav,51,D#3,127,3,272.000,278.000,281.000
EP_V127_RR3.mid,EP_V127_RR3.wav,52,E3,127,3,281.000,287.000,290.000
EP_V127_RR3.mid,EP_V127_RR3.wav,53,F3,127,3,290.000,296.000,299.000
EP_V127_RR3.mid,EP_V127_RR3.wav,54,F#3,127,3,299.000,305.000,308.000
EP_V127_RR3.mid,EP_V127_RR3.wav,55,G3,127,3,308.000,314.000,317.000
EP_V127_RR3.mid,EP_V127_RR3.wav,56,G#3,127,3,317.000,323.000,326.000
EP_V127_RR3.mid,EP_V127_RR3.wav,57,A3,127,3,326.000,332.000,335.000
EP_V127_RR3.mid,EP_V127_RR3.wav,58,A#3,127,3,335.000,341.000,344.000
EP_V127_RR3.mid,EP_V127_RR3.wav,59,B3,127,3,344.000,350.000,353.000
EP_V127_RR3.mid,EP_V127_RR3.wav,60,C4,127,3,353.000,359.000,362.000
EP_V127_RR3.mid,EP_V127_RR3.wav,61,C#4,127,3,362.000,368.000,371.000
EP_V127_RR3.mid,EP_V127_RR3.wav,62,D4,127,3,371.000,377.000,380.000
EP_V127_RR3.mid,EP_V127_RR3.wav,63,D#4,127,3,380.000,386.000,389.000
EP_V127_RR3.mid,EP_V127_RR3.wav,64,E4,127,3,389.000,395.000,398.000
EP_V127_RR3.mid,EP_V127_RR3.wav,65,F4,127,3,398.000,404.000,407.000
EP_V127_RR3.mid,EP_V127_RR3.wav,66,F#4,127,3,407.000,413.000,416.000
EP_V127_RR3.mid,EP_V127_RR3.wav,67,G4,127,3,416.000,422.000,425.000
EP_V127_RR3.mid,EP_V127_RR3.wav,68,G#4,127,3,425.000,431.000,434.000
EP_V127_RR3.mid,EP_V127_RR3.wav,69,A4,127,3,434.000,440.000,443.000
EP_V127_RR3.mid,EP_V127_RR3.wav,70,A#4,127,3,443.000,449.000,452.000
EP_V127_RR3.mid,EP_V127_RR3.wav,71,B4,127,3,452.000,458.000,461.000
EP_V127_RR3.mid,EP_V127_RR3.wav,72,C5,127,3,461.000,467.000,470.000
EP_V127_RR3.mid,EP_V127_RR3.wav,73,C#5,127,3,470.000,476.000,479.000
EP_V127_RR3.mid,EP_V127_RR3.wav,74,D5,127,3,479.000,485.000,488.000
EP_V127_RR3.mid,EP_V127_RR3.wav,75,D#5,127,3,488.000,494.000,497.000
EP_V127_RR3.mid,EP_V127_RR3.wav,76,E5,127,3,497.000,503.000,506.000
EP_V127_RR3.mid,EP_V127_RR3.wav,77,F5,127,3,506.000,512.000,515.000
EP_V127_RR3.mid,EP_V127_RR3.wav,78,F#5,127,3,515.000,521.000,524.000
EP_V127_RR3.mid,EP_V127_RR3.wav,79,G5,127,3,524.000,530.000,533.000
EP_V127_RR3.mid,EP_V127_RR3.wav,80,G#5,127,3,533.000,539.000,542.000
EP_V127_RR3.mid,EP_V127_RR3.wav,81,A5,127,3,542.000,548.000,551.000
EP_V127_RR3.mid,EP_V127_RR3.wav,82,A#5,127,3,551.000,557.000,560.000
EP_V127_RR3.mid,EP_V127_RR3.wav,83,B5,127,3,560.000,566.000,569.000
EP_V127_RR3.mid,EP_V127_RR3.wav,84,C6,127,3,569.000,575.000,578.000
EP_V127_RR3.mid,EP_V127_RR3.wav,85,C#6,127,3,578.000,584.000,587.000
EP_V127_RR3.mid,EP_V127_RR3.wav,86,D6,127,3,587.000,593.000,596.000
EP_V127_RR3.mid,EP_V127_RR3.wav,87,D#6,127,3,596.000,602.000,605.000
EP_V127_RR3.mid,EP_V127_RR3.wav,88,E6,127,3,605.000,611.000,614.000
EP_V127_RR3.mid,EP_V127_RR3.wav,89,F6,127,3,614.000,620.000,623.000
EP_V127_RR3.mid,EP_V127_RR3.wav,90,F#6,127,3,623.000,629.000,632.000
EP_V127_RR3.mid,EP_V127_RR3.wav,91,G6,127,3,632.000,638.000,641.000
EP_V127_RR3.mid,EP_V127_RR3.wav,92,G#6,127,3,641.000,647.000,650.000
EP_V127_RR3.mid,EP_V127_RR3.wav,93,A6,127,3,650.000,656.000,659.000
EP_V127_RR3.mid,EP_V127_RR3.wav,94,A#6,127,3,659.000,665.000,668.000
EP_V127_RR3.mid,EP_V127_RR3.wav,95,B6,127,3,668.000,674.000,677.000
EP_V127_RR3.mid,EP_V127_RR3.wav,96,C7,127,3,677.000,683.000,686.000
EP_V127_RR3.mid,EP_V127_RR3.wav,97,C#7,127,3,686.000,692.000,695.000
EP_V127_RR3.mid,EP_V127_RR3.wav,98,D7,127,3,695.000,701.000,704.000
EP_V127_RR3.mid,EP_V127_RR3.wav,99,D#7,127,3,704.000,710.000,713.000
EP_V127_RR3.mid,EP_V127_RR3.wav,100,E7,127,3,713.000,719.000,722.000
EP_V127_RR3.mid,EP_V127_RR3.wav,101,F7,127,3,722.000,728.000,731.000
EP_V127_RR3.mid,EP_V127_RR3.wav,102,F#7,127,3,731.000,737.000,740.000
EP_V127_RR3.mid,EP_V127_RR3.wav,103,G7,127,3,740.000,746.000,749.000
EP_V127_RR3.mid,EP_V127_RR3.wav,104,G#7,127,3,749.000,755.000,758.000
EP_V127_RR3.mid,EP_V127_RR3.wav,105,A7,127,3,758.000,764.000,767.000
EP_V127_RR3.mid,EP_V127_RR3.wav,106,A#7,127,3,767.000,773.000,776.000
EP_V127_RR3.mid,EP_V127_RR3.wav,107,B7,127,3,776.000,782.000,785.000
EP_V127_RR3.mid,EP_V127_RR3.wav,108,C8,127,3,785.000,791.000,794.000
